account_id,client_id,account_type,base_currency,opened_date,status
A000000001,C00000634,CASH,GBP,2021-09-30,ACTIVE
A000000002,C00000158,CASH,USD,2020-08-12,ACTIVE
A000000003,C00000778,PRIME_BROKERAGE,HKD,2018-06-27,ACTIVE
A000000004,C00000460,MARGIN,USD,2016-06-30,ACTIVE
A000000005,C00000430,MARGIN,CAD,2025-10-14,ACTIVE
A000000006,C00000281,MARGIN,USD,2025-04-04,CLOSED
A000000007,C00000063,PRIME_BROKERAGE,EUR,2017-05-12,ACTIVE
A000000008,C00000546,PRIME_BROKERAGE,CAD,2022-07-26,ACTIVE
A000000009,C00000522,CASH,GBP,2017-04-15,ACTIVE
A000000010,C00000212,CASH,USD,2021-05-23,ACTIVE
A000000011,C00000010,PRIME_BROKERAGE,GBP,2016-01-24,ACTIVE
A000000012,C00000738,MARGIN,USD,2021-05-03,ACTIVE
A000000013,C00000275,MARGIN,USD,2025-04-03,ACTIVE
A000000014,C00000299,CASH,USD,2020-01-18,ACTIVE
A000000015,C00000277,PRIME_BROKERAGE,USD,2020-09-10,FROZEN
A000000016,C00000216,MARGIN,USD,2018-06-26,ACTIVE
A000000017,C00000996,CASH,USD,2020-05-09,ACTIVE
A000000018,C00000419,PRIME_BROKERAGE,USD,2024-12-28,ACTIVE
A000000019,C00000011,PRIME_BROKERAGE,USD,2020-01-02,ACTIVE
A000000020,C00000995,CASH,EUR,2023-11-22,ACTIVE
A000000021,C00000705,CASH,EUR,2021-08-27,ACTIVE
A000000022,C00000226,CASH,USD,2017-05-29,ACTIVE
A000000023,C00000238,PRIME_BROKERAGE,USD,2022-12-13,ACTIVE
A000000024,C00000096,MARGIN,USD,2022-04-30,ACTIVE
A000000025,C00000503,CUSTODY,USD,2019-12-14,ACTIVE
A000000026,C00000167,PRIME_BROKERAGE,JPY,2022-01-24,ACTIVE
A000000027,C00000074,MARGIN,USD,2017-04-01,ACTIVE
A000000028,C00000540,CASH,GBP,2026-01-05,ACTIVE
A000000029,C00000387,CASH,USD,2025-12-21,ACTIVE
A000000030,C00000660,CUSTODY,USD,2024-05-27,ACTIVE
A000000031,C00000962,MARGIN,USD,2026-01-25,CLOSED
A000000032,C00000109,MARGIN,JPY,2024-05-15,ACTIVE
A000000033,C00000492,PRIME_BROKERAGE,HKD,2022-08-14,ACTIVE
A000000034,C00000491,CASH,USD,2020-04-11,ACTIVE
A000000035,C00000127,CASH,USD,2019-08-16,ACTIVE
A000000036,C00000908,PRIME_BROKERAGE,USD,2021-03-31,ACTIVE
A000000037,C00000438,CASH,USD,2019-11-05,ACTIVE
A000000038,C00000901,MARGIN,EUR,2023-10-04,ACTIVE
A000000039,C00000113,CASH,CAD,2019-12-16,ACTIVE
A000000040,C00000631,CASH,USD,2024-05-17,ACTIVE
A000000041,C00000620,CASH,USD,2018-10-07,ACTIVE
A000000042,C00000696,MARGIN,HKD,2019-07-07,ACTIVE
A000000043,C00000294,CASH,USD,2015-01-30,ACTIVE
A000000044,C00000956,CASH,HKD,2024-07-25,ACTIVE
A000000045,C00000883,CUSTODY,USD,2022-12-28,ACTIVE
A000000046,C00000400,MARGIN,GBP,2015-07-19,ACTIVE
A000000047,C00000116,MARGIN,CAD,2020-01-12,ACTIVE
A000000048,C00000331,CUSTODY,USD,2017-08-22,ACTIVE
A000000049,C00000507,MARGIN,EUR,2016-12-28,ACTIVE
A000000050,C00000652,CASH,JPY,2020-10-05,ACTIVE
A000000051,C00000563,MARGIN,EUR,2014-05-02,ACTIVE
A000000052,C00000236,CASH,EUR,2016-10-25,ACTIVE
A000000053,C00000796,MARGIN,GBP,2024-04-27,ACTIVE
A000000054,C00000003,CASH,JPY,2018-02-24,ACTIVE
A000000055,C00000981,CASH,USD,2018-06-11,ACTIVE
A000000056,C00000870,PRIME_BROKERAGE,JPY,2019-09-01,ACTIVE
A000000057,C00000856,PRIME_BROKERAGE,CAD,2016-10-31,ACTIVE
A000000058,C00000848,CASH,GBP,2023-08-25,CLOSED
A000000059,C00000721,CASH,GBP,2016-10-01,ACTIVE
A000000060,C00000719,CASH,EUR,2015-08-01,ACTIVE
A000000061,C00000892,CASH,USD,2023-02-09,ACTIVE
A000000062,C00000079,CASH,JPY,2016-12-08,ACTIVE
A000000063,C00000187,MARGIN,USD,2014-06-13,ACTIVE
A000000064,C00000307,MARGIN,GBP,2016-04-26,ACTIVE
A000000065,C00000712,CASH,USD,2024-12-06,ACTIVE
A000000066,C00000033,MARGIN,USD,2022-09-06,ACTIVE
A000000067,C00000853,MARGIN,HKD,2016-02-02,ACTIVE
A000000068,C00000850,CASH,EUR,2019-05-31,ACTIVE
A000000069,C00000434,CUSTODY,USD,2024-03-19,ACTIVE
A000000070,C00000974,CASH,USD,2025-01-08,ACTIVE
A000000071,C00000189,PRIME_BROKERAGE,CAD,2024-07-18,ACTIVE
A000000072,C00000480,MARGIN,EUR,2017-03-11,ACTIVE
A000000073,C00000169,CASH,USD,2016-10-05,ACTIVE
A000000074,C00000112,CASH,USD,2018-10-02,ACTIVE
A000000075,C00000289,CASH,USD,2021-07-11,ACTIVE
A000000076,C00000775,CUSTODY,USD,2021-10-02,ACTIVE
A000000077,C00000034,CASH,USD,2025-04-09,ACTIVE
A000000078,C00000810,MARGIN,USD,2024-03-09,ACTIVE
A000000079,C00000009,CUSTODY,GBP,2017-05-07,ACTIVE
A000000080,C00000323,PRIME_BROKERAGE,GBP,2023-05-16,ACTIVE
A000000081,C00000100,CASH,HKD,2014-12-25,ACTIVE
A000000082,C00000827,PRIME_BROKERAGE,USD,2017-09-15,ACTIVE
A000000083,C00000890,PRIME_BROKERAGE,USD,2022-11-17,ACTIVE
A000000084,C00000081,PRIME_BROKERAGE,USD,2021-01-30,ACTIVE
A000000085,C00000827,MARGIN,USD,2022-08-31,FROZEN
A000000086,C00000514,MARGIN,GBP,2014-07-17,ACTIVE
A000000087,C00000350,MARGIN,USD,2019-10-03,ACTIVE
A000000088,C00000877,CUSTODY,USD,2017-08-01,ACTIVE
A000000089,C00000626,MARGIN,CAD,2015-02-13,ACTIVE
A000000090,C00000016,CASH,JPY,2024-04-27,ACTIVE
A000000091,C00000466,CASH,HKD,2022-08-28,ACTIVE
A000000092,C00000591,CASH,USD,2022-04-05,ACTIVE
A000000093,C00000472,CASH,USD,2020-07-14,ACTIVE
A000000094,C00000453,MARGIN,USD,2023-07-01,CLOSED
A000000095,C00000500,CASH,JPY,2017-04-14,ACTIVE
A000000096,C00000635,CUSTODY,USD,2018-01-19,ACTIVE
A000000097,C00000640,CUSTODY,USD,2017-01-04,ACTIVE
A000000098,C00000270,PRIME_BROKERAGE,CAD,2025-04-27,ACTIVE
A000000099,C00000660,CASH,GBP,2026-02-05,ACTIVE
A000000100,C00000108,CASH,USD,2017-04-28,ACTIVE
A000000101,C00000229,CASH,USD,2024-03-07,ACTIVE
A000000102,C00000480,MARGIN,HKD,2015-11-07,ACTIVE
A000000103,C00000185,PRIME_BROKERAGE,HKD,2017-05-17,ACTIVE
A000000104,C00000205,MARGIN,USD,2018-08-06,FROZEN
A000000105,C00000498,CASH,GBP,2023-09-18,ACTIVE
A000000106,C00000040,MARGIN,HKD,2023-01-05,ACTIVE
A000000107,C00000328,MARGIN,CAD,2017-09-30,ACTIVE
A000000108,C00000828,CASH,USD,2015-08-29,ACTIVE
A000000109,C00000217,PRIME_BROKERAGE,CAD,2016-10-16,ACTIVE
A000000110,C00000651,CASH,USD,2020-02-19,ACTIVE
A000000111,C00000306,PRIME_BROKERAGE,USD,2016-11-11,ACTIVE
A000000112,C00000686,PRIME_BROKERAGE,USD,2025-01-26,ACTIVE
A000000113,C00000924,MARGIN,CAD,2019-08-14,ACTIVE
A000000114,C00000358,CUSTODY,USD,2022-09-03,CLOSED
A000000115,C00000448,CASH,EUR,2017-07-20,ACTIVE
A000000116,C00000575,PRIME_BROKERAGE,EUR,2024-07-13,ACTIVE
A000000117,C00000593,MARGIN,USD,2019-03-07,ACTIVE
A000000118,C00000919,MARGIN,USD,2019-03-07,ACTIVE
A000000119,C00000994,MARGIN,USD,2026-03-12,FROZEN
A000000120,C00000966,PRIME_BROKERAGE,USD,2016-03-14,ACTIVE
A000000121,C00000593,CASH,USD,2022-01-25,ACTIVE
A000000122,C00000560,PRIME_BROKERAGE,EUR,2021-06-06,ACTIVE
A000000123,C00000976,CASH,EUR,2025-12-15,ACTIVE
A000000124,C00000373,CASH,HKD,2015-01-06,ACTIVE
A000000125,C00000128,MARGIN,EUR,2016-01-19,ACTIVE
A000000126,C00000361,CASH,EUR,2014-07-18,CLOSED
A000000127,C00000344,CASH,USD,2016-09-01,ACTIVE
A000000128,C00000567,MARGIN,EUR,2017-09-20,ACTIVE
A000000129,C00000676,MARGIN,USD,2019-12-04,ACTIVE
A000000130,C00000961,CUSTODY,JPY,2024-04-24,ACTIVE
A000000131,C00000107,CASH,USD,2017-01-19,ACTIVE
A000000132,C00000768,PRIME_BROKERAGE,HKD,2024-01-16,ACTIVE
A000000133,C00000516,MARGIN,USD,2019-10-11,ACTIVE
A000000134,C00000217,CASH,USD,2017-09-24,ACTIVE
A000000135,C00000877,MARGIN,USD,2015-11-15,ACTIVE
A000000136,C00000841,MARGIN,GBP,2017-05-26,ACTIVE
A000000137,C00000384,PRIME_BROKERAGE,EUR,2020-04-10,ACTIVE
A000000138,C00000271,CASH,HKD,2016-12-22,ACTIVE
A000000139,C00000005,CUSTODY,USD,2025-12-05,ACTIVE
A000000140,C00000810,CASH,JPY,2019-02-27,ACTIVE
A000000141,C00000983,MARGIN,USD,2017-07-01,ACTIVE
A000000142,C00000660,CASH,USD,2016-08-26,ACTIVE
A000000143,C00000652,CASH,GBP,2017-03-27,ACTIVE
A000000144,C00000530,CASH,USD,2023-06-12,ACTIVE
A000000145,C00000647,MARGIN,USD,2020-06-10,ACTIVE
A000000146,C00000163,CUSTODY,USD,2024-03-08,ACTIVE
A000000147,C00000012,MARGIN,EUR,2025-08-27,ACTIVE
A000000148,C00000557,CUSTODY,USD,2017-09-13,ACTIVE
A000000149,C00000752,CASH,USD,2018-03-31,ACTIVE
A000000150,C00000669,PRIME_BROKERAGE,USD,2020-10-10,ACTIVE
A000000151,C00000827,PRIME_BROKERAGE,GBP,2025-02-12,ACTIVE
A000000152,C00000958,CASH,USD,2023-12-16,ACTIVE
A000000153,C00000950,MARGIN,USD,2019-12-11,ACTIVE
A000000154,C00000185,CASH,USD,2018-03-04,ACTIVE
A000000155,C00000213,CASH,USD,2025-10-14,ACTIVE
A000000156,C00000499,CUSTODY,USD,2016-11-10,ACTIVE
A000000157,C00000322,MARGIN,USD,2022-08-31,ACTIVE
A000000158,C00000011,CUSTODY,EUR,2025-07-28,ACTIVE
A000000159,C00000352,CUSTODY,USD,2026-03-01,ACTIVE
A000000160,C00000760,CASH,USD,2025-08-12,ACTIVE
A000000161,C00000531,MARGIN,USD,2018-02-03,ACTIVE
A000000162,C00000223,CASH,USD,2024-05-28,ACTIVE
A000000163,C00000963,CASH,USD,2021-10-22,CLOSED
A000000164,C00000357,PRIME_BROKERAGE,EUR,2015-10-20,ACTIVE
A000000165,C00000508,MARGIN,HKD,2021-12-12,ACTIVE
A000000166,C00000203,MARGIN,HKD,2019-12-22,CLOSED
A000000167,C00000106,MARGIN,GBP,2019-04-16,ACTIVE
A000000168,C00000211,CUSTODY,USD,2016-04-09,ACTIVE
A000000169,C00000766,CASH,USD,2023-11-12,ACTIVE
A000000170,C00000440,CASH,USD,2024-11-01,ACTIVE
A000000171,C00000911,CASH,EUR,2017-01-31,ACTIVE
A000000172,C00000847,PRIME_BROKERAGE,CAD,2014-05-19,ACTIVE
A000000173,C00000031,CASH,JPY,2016-08-24,ACTIVE
A000000174,C00000367,CASH,USD,2017-12-10,ACTIVE
A000000175,C00000799,CASH,USD,2026-01-12,ACTIVE
A000000176,C00000219,MARGIN,GBP,2021-01-22,ACTIVE
A000000177,C00000395,CASH,USD,2021-05-26,ACTIVE
A000000178,C00000285,PRIME_BROKERAGE,HKD,2024-08-07,ACTIVE
A000000179,C00000662,MARGIN,GBP,2019-02-24,ACTIVE
A000000180,C00000203,CASH,JPY,2015-02-04,ACTIVE
A000000181,C00000282,MARGIN,USD,2022-06-10,ACTIVE
A000000182,C00000606,CASH,EUR,2019-11-19,ACTIVE
A000000183,C00000803,PRIME_BROKERAGE,CAD,2015-12-03,ACTIVE
A000000184,C00000862,CUSTODY,USD,2014-04-24,ACTIVE
A000000185,C00000041,CASH,USD,2015-09-27,ACTIVE
A000000186,C00000822,MARGIN,USD,2019-03-01,ACTIVE
A000000187,C00000410,CASH,GBP,2015-03-15,ACTIVE
A000000188,C00000403,CASH,CAD,2015-03-19,ACTIVE
A000000189,C00000991,CUSTODY,JPY,2023-12-22,ACTIVE
A000000190,C00000049,PRIME_BROKERAGE,USD,2019-01-14,ACTIVE
A000000191,C00000742,MARGIN,USD,2021-12-28,ACTIVE
A000000192,C00000832,CASH,HKD,2026-03-02,ACTIVE
A000000193,C00000889,CASH,HKD,2025-04-24,ACTIVE
A000000194,C00000970,CASH,USD,2017-10-06,ACTIVE
A000000195,C00000175,CUSTODY,EUR,2023-08-03,ACTIVE
A000000196,C00000883,CASH,EUR,2017-01-03,ACTIVE
A000000197,C00000685,CASH,EUR,2015-07-23,ACTIVE
A000000198,C00001000,CASH,GBP,2015-06-14,ACTIVE
A000000199,C00000271,PRIME_BROKERAGE,GBP,2018-05-12,ACTIVE
A000000200,C00000894,CASH,EUR,2021-08-29,ACTIVE
A000000201,C00000077,CUSTODY,USD,2025-12-25,ACTIVE
A000000202,C00000480,PRIME_BROKERAGE,USD,2023-12-07,ACTIVE
A000000203,C00000834,MARGIN,EUR,2019-04-01,ACTIVE
A000000204,C00000320,PRIME_BROKERAGE,EUR,2014-12-18,ACTIVE
A000000205,C00000134,CASH,USD,2016-02-17,ACTIVE
A000000206,C00000526,CASH,USD,2024-09-26,ACTIVE
A000000207,C00000169,MARGIN,CAD,2023-12-27,ACTIVE
A000000208,C00000898,CASH,USD,2025-11-27,ACTIVE
A000000209,C00000192,CASH,USD,2014-05-15,ACTIVE
A000000210,C00000272,CASH,EUR,2018-04-30,ACTIVE
A000000211,C00000155,CASH,USD,2018-10-17,ACTIVE
A000000212,C00000280,CASH,USD,2017-09-12,ACTIVE
A000000213,C00000433,CASH,USD,2022-04-25,ACTIVE
A000000214,C00000543,MARGIN,EUR,2023-10-30,ACTIVE
A000000215,C00000662,CASH,USD,2023-09-11,ACTIVE
A000000216,C00000037,MARGIN,USD,2014-05-05,ACTIVE
A000000217,C00000232,PRIME_BROKERAGE,EUR,2017-03-15,ACTIVE
A000000218,C00000104,CASH,JPY,2020-04-05,ACTIVE
A000000219,C00000176,PRIME_BROKERAGE,USD,2019-10-26,ACTIVE
A000000220,C00000295,PRIME_BROKERAGE,USD,2014-12-28,ACTIVE
A000000221,C00000638,MARGIN,USD,2020-12-04,ACTIVE
A000000222,C00000698,CASH,USD,2016-01-25,ACTIVE
A000000223,C00000014,MARGIN,USD,2025-10-23,ACTIVE
A000000224,C00000271,PRIME_BROKERAGE,USD,2026-01-22,ACTIVE
A000000225,C00000993,MARGIN,USD,2020-09-22,ACTIVE
A000000226,C00000047,PRIME_BROKERAGE,EUR,2019-10-04,ACTIVE
A000000227,C00000538,MARGIN,GBP,2024-03-03,ACTIVE
A000000228,C00000824,PRIME_BROKERAGE,USD,2018-05-30,FROZEN
A000000229,C00000264,MARGIN,USD,2015-12-27,ACTIVE
A000000230,C00000362,CASH,USD,2014-08-30,ACTIVE
A000000231,C00000878,PRIME_BROKERAGE,JPY,2015-06-01,ACTIVE
A000000232,C00000703,MARGIN,EUR,2022-12-17,CLOSED
A000000233,C00000877,CASH,CAD,2018-04-07,ACTIVE
A000000234,C00000251,MARGIN,EUR,2016-08-13,ACTIVE
A000000235,C00000763,CASH,HKD,2017-10-21,ACTIVE
A000000236,C00000989,CASH,EUR,2016-03-14,FROZEN
A000000237,C00000898,MARGIN,USD,2018-06-15,ACTIVE
A000000238,C00000401,MARGIN,HKD,2020-01-30,ACTIVE
A000000239,C00000043,MARGIN,GBP,2023-07-09,ACTIVE
A000000240,C00000466,MARGIN,GBP,2018-06-30,ACTIVE
A000000241,C00000993,CASH,HKD,2022-12-23,ACTIVE
A000000242,C00000154,MARGIN,USD,2022-08-18,ACTIVE
A000000243,C00000296,CASH,USD,2016-02-05,ACTIVE
A000000244,C00000290,PRIME_BROKERAGE,USD,2015-04-29,ACTIVE
A000000245,C00000441,CASH,JPY,2025-02-27,ACTIVE
A000000246,C00000359,PRIME_BROKERAGE,GBP,2015-01-07,ACTIVE
A000000247,C00000788,MARGIN,CAD,2020-03-16,ACTIVE
A000000248,C00000751,CASH,EUR,2024-06-19,ACTIVE
A000000249,C00000033,MARGIN,USD,2017-08-12,ACTIVE
A000000250,C00000991,CUSTODY,HKD,2019-07-03,ACTIVE
A000000251,C00000178,MARGIN,EUR,2019-01-17,ACTIVE
A000000252,C00000143,MARGIN,USD,2023-03-27,ACTIVE
A000000253,C00000205,CASH,USD,2015-12-08,ACTIVE
A000000254,C00000385,PRIME_BROKERAGE,JPY,2024-02-15,ACTIVE
A000000255,C00000453,MARGIN,EUR,2018-04-04,ACTIVE
A000000256,C00000438,MARGIN,CAD,2015-12-07,ACTIVE
A000000257,C00000573,CASH,GBP,2024-04-17,ACTIVE
A000000258,C00000630,CUSTODY,GBP,2014-10-16,ACTIVE
A000000259,C00000636,MARGIN,EUR,2019-09-12,ACTIVE
A000000260,C00000866,CASH,USD,2026-02-22,ACTIVE
A000000261,C00000782,PRIME_BROKERAGE,USD,2025-01-21,ACTIVE
A000000262,C00000277,PRIME_BROKERAGE,EUR,2018-10-19,ACTIVE
A000000263,C00000842,CASH,USD,2018-11-05,ACTIVE
A000000264,C00000125,PRIME_BROKERAGE,EUR,2025-02-01,ACTIVE
A000000265,C00000529,CASH,GBP,2015-03-03,ACTIVE
A000000266,C00000917,MARGIN,JPY,2019-07-13,ACTIVE
A000000267,C00000737,CUSTODY,USD,2015-05-27,ACTIVE
A000000268,C00000206,CASH,USD,2023-07-25,ACTIVE
A000000269,C00000254,CASH,USD,2014-12-07,ACTIVE
A000000270,C00000057,CUSTODY,USD,2015-06-06,FROZEN
A000000271,C00000840,CASH,JPY,2020-06-09,ACTIVE
A000000272,C00000698,MARGIN,EUR,2023-07-07,ACTIVE
A000000273,C00000652,CASH,USD,2020-11-17,ACTIVE
A000000274,C00000760,MARGIN,USD,2015-07-03,ACTIVE
A000000275,C00000684,CASH,EUR,2018-01-14,ACTIVE
A000000276,C00000401,CASH,GBP,2015-11-15,ACTIVE
A000000277,C00000436,CASH,USD,2023-08-01,ACTIVE
A000000278,C00000012,MARGIN,USD,2016-04-22,ACTIVE
A000000279,C00000929,CASH,USD,2015-12-31,ACTIVE
A000000280,C00000163,CASH,JPY,2014-12-28,ACTIVE
A000000281,C00000925,PRIME_BROKERAGE,USD,2024-11-13,ACTIVE
A000000282,C00000156,CASH,GBP,2018-09-01,ACTIVE
A000000283,C00000880,PRIME_BROKERAGE,USD,2019-06-26,ACTIVE
A000000284,C00000070,CUSTODY,EUR,2017-10-31,CLOSED
A000000285,C00000621,MARGIN,EUR,2014-11-27,ACTIVE
A000000286,C00000539,CASH,EUR,2018-06-21,ACTIVE
A000000287,C00000850,MARGIN,USD,2022-09-16,ACTIVE
A000000288,C00000682,CASH,HKD,2015-08-05,ACTIVE
A000000289,C00000238,CUSTODY,JPY,2020-12-20,ACTIVE
A000000290,C00000902,CASH,HKD,2016-11-08,ACTIVE
A000000291,C00000064,MARGIN,USD,2024-08-22,ACTIVE
A000000292,C00000384,MARGIN,JPY,2022-05-17,ACTIVE
A000000293,C00000716,MARGIN,USD,2021-10-18,ACTIVE
A000000294,C00000503,MARGIN,USD,2021-10-06,ACTIVE
A000000295,C00000445,PRIME_BROKERAGE,JPY,2021-12-18,ACTIVE
A000000296,C00000025,MARGIN,EUR,2021-09-17,ACTIVE
A000000297,C00000144,PRIME_BROKERAGE,USD,2017-02-15,ACTIVE
A000000298,C00000886,CASH,USD,2014-06-07,ACTIVE
A000000299,C00000853,CASH,JPY,2015-01-17,ACTIVE
A000000300,C00000634,PRIME_BROKERAGE,JPY,2024-10-08,ACTIVE
A000000301,C00000641,CASH,USD,2024-07-10,ACTIVE
A000000302,C00000530,CASH,USD,2021-02-08,ACTIVE
A000000303,C00000554,CASH,USD,2019-10-11,ACTIVE
A000000304,C00000258,CASH,USD,2022-09-26,CLOSED
A000000305,C00000077,MARGIN,USD,2014-08-31,ACTIVE
A000000306,C00000513,CASH,EUR,2023-10-16,ACTIVE
A000000307,C00000960,CUSTODY,USD,2025-08-09,ACTIVE
A000000308,C00000432,CASH,USD,2024-12-11,ACTIVE
A000000309,C00000561,PRIME_BROKERAGE,USD,2024-11-17,ACTIVE
A000000310,C00000075,PRIME_BROKERAGE,EUR,2025-06-26,ACTIVE
A000000311,C00000073,CUSTODY,EUR,2024-06-20,ACTIVE
A000000312,C00000491,CUSTODY,USD,2025-05-05,ACTIVE
A000000313,C00000509,MARGIN,EUR,2016-08-07,ACTIVE
A000000314,C00000801,PRIME_BROKERAGE,CAD,2025-10-18,ACTIVE
A000000315,C00000027,PRIME_BROKERAGE,JPY,2017-10-08,ACTIVE
A000000316,C00000756,CASH,USD,2017-08-05,ACTIVE
A000000317,C00000713,CASH,GBP,2023-03-10,ACTIVE
A000000318,C00000121,PRIME_BROKERAGE,CAD,2018-01-11,ACTIVE
A000000319,C00000352,MARGIN,USD,2021-01-27,ACTIVE
A000000320,C00000011,CASH,GBP,2025-04-01,FROZEN
A000000321,C00000016,PRIME_BROKERAGE,USD,2025-01-01,ACTIVE
A000000322,C00000130,MARGIN,USD,2019-03-26,ACTIVE
A000000323,C00000671,PRIME_BROKERAGE,CAD,2023-05-15,ACTIVE
A000000324,C00000491,MARGIN,EUR,2024-07-25,ACTIVE
A000000325,C00000557,CASH,GBP,2018-04-09,ACTIVE
A000000326,C00000880,CASH,GBP,2018-01-18,ACTIVE
A000000327,C00000300,PRIME_BROKERAGE,USD,2020-04-11,ACTIVE
A000000328,C00000555,MARGIN,USD,2017-01-23,ACTIVE
A000000329,C00000637,MARGIN,USD,2023-03-15,ACTIVE
A000000330,C00000534,CASH,GBP,2021-07-20,ACTIVE
A000000331,C00000743,PRIME_BROKERAGE,USD,2021-01-02,ACTIVE
A000000332,C00000666,PRIME_BROKERAGE,CAD,2025-10-19,ACTIVE
A000000333,C00000035,CASH,EUR,2019-07-17,ACTIVE
A000000334,C00000087,CASH,JPY,2017-08-31,ACTIVE
A000000335,C00000884,CASH,USD,2021-03-30,ACTIVE
A000000336,C00000189,MARGIN,EUR,2019-06-08,ACTIVE
A000000337,C00000782,CASH,USD,2018-09-26,ACTIVE
A000000338,C00000930,CASH,GBP,2021-06-03,ACTIVE
A000000339,C00000350,PRIME_BROKERAGE,EUR,2016-09-08,ACTIVE
A000000340,C00000951,PRIME_BROKERAGE,USD,2023-10-30,ACTIVE
A000000341,C00000976,PRIME_BROKERAGE,EUR,2015-11-18,ACTIVE
A000000342,C00000737,MARGIN,EUR,2022-08-19,CLOSED
A000000343,C00000479,PRIME_BROKERAGE,HKD,2023-04-27,ACTIVE
A000000344,C00000288,PRIME_BROKERAGE,CAD,2024-05-11,FROZEN
A000000345,C00000790,MARGIN,USD,2017-06-05,ACTIVE
A000000346,C00000281,CASH,EUR,2025-12-31,ACTIVE
A000000347,C00000583,MARGIN,JPY,2022-04-08,ACTIVE
A000000348,C00000018,MARGIN,USD,2018-03-26,ACTIVE
A000000349,C00000865,MARGIN,USD,2024-06-29,ACTIVE
A000000350,C00000625,MARGIN,CAD,2016-05-25,ACTIVE
A000000351,C00000785,PRIME_BROKERAGE,USD,2015-03-06,ACTIVE
A000000352,C00000646,CASH,JPY,2025-03-01,ACTIVE
A000000353,C00000671,CASH,EUR,2016-05-26,ACTIVE
A000000354,C00000043,MARGIN,USD,2020-06-19,CLOSED
A000000355,C00000017,MARGIN,JPY,2018-05-09,ACTIVE
A000000356,C00000046,MARGIN,USD,2024-07-16,ACTIVE
A000000357,C00000116,MARGIN,USD,2018-12-21,ACTIVE
A000000358,C00000850,PRIME_BROKERAGE,USD,2016-09-17,ACTIVE
A000000359,C00000147,CASH,EUR,2018-03-13,ACTIVE
A000000360,C00000418,PRIME_BROKERAGE,USD,2019-09-07,ACTIVE
A000000361,C00000165,CASH,USD,2022-11-29,ACTIVE
A000000362,C00000027,CASH,USD,2019-04-04,ACTIVE
A000000363,C00000800,PRIME_BROKERAGE,GBP,2018-07-24,ACTIVE
A000000364,C00000388,PRIME_BROKERAGE,USD,2022-11-29,ACTIVE
A000000365,C00000665,CASH,USD,2021-03-29,ACTIVE
A000000366,C00000589,MARGIN,GBP,2023-07-23,ACTIVE
A000000367,C00000541,PRIME_BROKERAGE,EUR,2014-07-07,ACTIVE
A000000368,C00000325,CASH,JPY,2019-09-15,ACTIVE
A000000369,C00000337,CASH,GBP,2018-02-27,ACTIVE
A000000370,C00000323,PRIME_BROKERAGE,USD,2020-11-14,ACTIVE
A000000371,C00000981,PRIME_BROKERAGE,USD,2018-05-20,ACTIVE
A000000372,C00000079,CUSTODY,EUR,2021-02-09,ACTIVE
A000000373,C00000429,CASH,JPY,2023-06-20,ACTIVE
A000000374,C00000251,PRIME_BROKERAGE,USD,2023-03-07,ACTIVE
A000000375,C00000815,CASH,USD,2024-06-13,ACTIVE
A000000376,C00000518,CUSTODY,EUR,2021-11-01,ACTIVE
A000000377,C00000898,MARGIN,USD,2016-11-20,ACTIVE
A000000378,C00000568,PRIME_BROKERAGE,USD,2024-01-05,ACTIVE
A000000379,C00000035,PRIME_BROKERAGE,USD,2022-07-14,FROZEN
A000000380,C00000136,MARGIN,EUR,2017-07-28,ACTIVE
A000000381,C00000363,CASH,EUR,2020-11-11,ACTIVE
A000000382,C00000122,CASH,JPY,2018-09-23,ACTIVE
A000000383,C00000632,CASH,GBP,2024-08-15,ACTIVE
A000000384,C00000364,CUSTODY,HKD,2016-03-10,ACTIVE
A000000385,C00000447,CASH,USD,2023-04-05,ACTIVE
A000000386,C00000742,PRIME_BROKERAGE,HKD,2014-11-08,ACTIVE
A000000387,C00000918,CASH,EUR,2016-02-08,ACTIVE
A000000388,C00000450,CASH,GBP,2020-01-05,ACTIVE
A000000389,C00000100,CASH,USD,2025-03-12,ACTIVE
A000000390,C00000919,MARGIN,EUR,2016-09-15,ACTIVE
A000000391,C00000394,CASH,USD,2023-01-24,ACTIVE
A000000392,C00000968,PRIME_BROKERAGE,CAD,2021-07-21,ACTIVE
A000000393,C00000285,MARGIN,EUR,2024-01-18,ACTIVE
A000000394,C00000170,CASH,USD,2016-06-07,ACTIVE
A000000395,C00000174,CASH,HKD,2023-11-24,ACTIVE
A000000396,C00000683,CASH,USD,2014-11-13,ACTIVE
A000000397,C00000029,MARGIN,USD,2021-11-25,ACTIVE
A000000398,C00000853,PRIME_BROKERAGE,USD,2019-12-16,ACTIVE
A000000399,C00000585,MARGIN,USD,2023-06-13,ACTIVE
A000000400,C00000303,CUSTODY,GBP,2023-08-03,ACTIVE
A000000401,C00000443,MARGIN,USD,2023-03-18,FROZEN
A000000402,C00000750,MARGIN,CAD,2024-07-03,ACTIVE
A000000403,C00000228,PRIME_BROKERAGE,USD,2014-11-27,ACTIVE
A000000404,C00000465,MARGIN,EUR,2024-08-13,ACTIVE
A000000405,C00000323,PRIME_BROKERAGE,USD,2024-01-10,ACTIVE
A000000406,C00000814,MARGIN,USD,2025-06-24,ACTIVE
A000000407,C00000643,CASH,USD,2017-11-03,ACTIVE
A000000408,C00000226,MARGIN,USD,2022-11-18,ACTIVE
A000000409,C00000192,PRIME_BROKERAGE,USD,2021-10-28,ACTIVE
A000000410,C00000091,CUSTODY,JPY,2021-06-22,ACTIVE
A000000411,C00000069,MARGIN,EUR,2022-04-13,ACTIVE
A000000412,C00000705,CASH,USD,2021-01-05,ACTIVE
A000000413,C00000496,MARGIN,CAD,2019-07-19,ACTIVE
A000000414,C00000897,CASH,USD,2017-06-25,ACTIVE
A000000415,C00000557,MARGIN,USD,2023-10-04,CLOSED
A000000416,C00000919,PRIME_BROKERAGE,USD,2016-03-31,ACTIVE
A000000417,C00000679,MARGIN,USD,2019-02-15,ACTIVE
A000000418,C00000356,MARGIN,GBP,2015-06-06,ACTIVE
A000000419,C00000885,MARGIN,USD,2021-01-04,ACTIVE
A000000420,C00000275,MARGIN,HKD,2017-02-07,ACTIVE
A000000421,C00000791,CASH,EUR,2017-01-20,ACTIVE
A000000422,C00000453,MARGIN,USD,2025-01-19,ACTIVE
A000000423,C00000746,CASH,EUR,2025-04-03,ACTIVE
A000000424,C00000420,CASH,JPY,2021-08-26,ACTIVE
A000000425,C00000113,CUSTODY,EUR,2018-11-19,ACTIVE
A000000426,C00000553,CASH,GBP,2017-10-09,ACTIVE
A000000427,C00000722,CASH,USD,2024-11-08,ACTIVE
A000000428,C00000532,CASH,EUR,2022-10-03,ACTIVE
A000000429,C00000406,PRIME_BROKERAGE,USD,2022-08-28,ACTIVE
A000000430,C00000340,MARGIN,EUR,2020-09-12,ACTIVE
A000000431,C00000037,PRIME_BROKERAGE,GBP,2014-06-20,ACTIVE
A000000432,C00000408,PRIME_BROKERAGE,USD,2019-12-05,ACTIVE
A000000433,C00000236,MARGIN,EUR,2025-07-09,ACTIVE
A000000434,C00000127,PRIME_BROKERAGE,USD,2017-04-16,ACTIVE
A000000435,C00000759,PRIME_BROKERAGE,JPY,2024-07-24,ACTIVE
A000000436,C00000740,PRIME_BROKERAGE,GBP,2025-10-28,ACTIVE
A000000437,C00000851,MARGIN,HKD,2024-02-19,ACTIVE
A000000438,C00000812,CASH,JPY,2019-04-11,ACTIVE
A000000439,C00000436,MARGIN,USD,2020-02-17,ACTIVE
A000000440,C00000103,CASH,EUR,2015-09-15,ACTIVE
A000000441,C00000440,CASH,CAD,2020-01-12,ACTIVE
A000000442,C00000930,PRIME_BROKERAGE,EUR,2017-09-13,ACTIVE
A000000443,C00000509,PRIME_BROKERAGE,CAD,2023-11-06,ACTIVE
A000000444,C00000592,CUSTODY,USD,2021-01-26,ACTIVE
A000000445,C00000489,MARGIN,EUR,2018-10-27,ACTIVE
A000000446,C00000646,CUSTODY,USD,2022-06-25,ACTIVE
A000000447,C00000965,MARGIN,USD,2023-02-09,ACTIVE
A000000448,C00000859,MARGIN,GBP,2021-01-23,ACTIVE
A000000449,C00000506,CASH,USD,2018-09-13,ACTIVE
A000000450,C00000038,CASH,EUR,2017-02-27,ACTIVE
A000000451,C00000275,MARGIN,GBP,2015-04-26,ACTIVE
A000000452,C00000321,CUSTODY,USD,2015-12-06,ACTIVE
A000000453,C00000527,MARGIN,GBP,2024-06-13,ACTIVE
A000000454,C00000436,MARGIN,USD,2025-12-21,ACTIVE
A000000455,C00000767,CASH,USD,2023-09-23,ACTIVE
A000000456,C00000435,MARGIN,EUR,2014-07-06,ACTIVE
A000000457,C00000767,PRIME_BROKERAGE,USD,2026-01-26,ACTIVE
A000000458,C00000446,CUSTODY,GBP,2020-03-13,ACTIVE
A000000459,C00000630,PRIME_BROKERAGE,EUR,2022-07-22,ACTIVE
A000000460,C00000536,MARGIN,JPY,2017-12-13,ACTIVE
A000000461,C00000258,MARGIN,USD,2018-11-15,ACTIVE
A000000462,C00000738,CUSTODY,HKD,2022-08-05,ACTIVE
A000000463,C00000850,MARGIN,USD,2022-04-04,ACTIVE
A000000464,C00000069,CUSTODY,USD,2022-01-25,ACTIVE
A000000465,C00000097,MARGIN,USD,2024-11-27,ACTIVE
A000000466,C00000609,CASH,USD,2021-03-17,ACTIVE
A000000467,C00000015,CUSTODY,USD,2016-09-19,ACTIVE
A000000468,C00000314,CASH,GBP,2020-07-25,ACTIVE
A000000469,C00000657,MARGIN,USD,2022-11-10,ACTIVE
A000000470,C00000222,CASH,USD,2023-12-25,ACTIVE
A000000471,C00000535,MARGIN,GBP,2018-11-15,ACTIVE
A000000472,C00000874,MARGIN,USD,2015-08-29,ACTIVE
A000000473,C00000003,PRIME_BROKERAGE,CAD,2024-03-24,ACTIVE
A000000474,C00000630,CASH,USD,2026-04-09,ACTIVE
A000000475,C00000918,CUSTODY,USD,2016-06-01,ACTIVE
A000000476,C00000484,CASH,EUR,2023-08-25,ACTIVE
A000000477,C00000403,CASH,USD,2015-08-21,ACTIVE
A000000478,C00000859,MARGIN,EUR,2021-06-24,CLOSED
A000000479,C00000969,MARGIN,USD,2023-01-27,ACTIVE
A000000480,C00000574,MARGIN,EUR,2020-08-28,ACTIVE
A000000481,C00000572,PRIME_BROKERAGE,EUR,2022-04-14,ACTIVE
A000000482,C00000375,PRIME_BROKERAGE,GBP,2018-07-08,ACTIVE
A000000483,C00000219,MARGIN,JPY,2021-12-29,ACTIVE
A000000484,C00000184,CUSTODY,CAD,2021-11-19,ACTIVE
A000000485,C00000539,CASH,EUR,2018-11-29,ACTIVE
A000000486,C00000378,CUSTODY,EUR,2025-12-26,ACTIVE
A000000487,C00000035,MARGIN,EUR,2017-05-06,ACTIVE
A000000488,C00000713,PRIME_BROKERAGE,USD,2024-12-29,CLOSED
A000000489,C00000844,CASH,GBP,2015-09-20,FROZEN
A000000490,C00000648,MARGIN,USD,2023-12-12,ACTIVE
A000000491,C00000030,MARGIN,GBP,2022-04-23,ACTIVE
A000000492,C00000135,CASH,JPY,2023-08-07,ACTIVE
A000000493,C00000653,PRIME_BROKERAGE,USD,2020-01-20,FROZEN
A000000494,C00000199,MARGIN,GBP,2018-10-25,ACTIVE
A000000495,C00000869,PRIME_BROKERAGE,HKD,2022-06-25,ACTIVE
A000000496,C00000601,PRIME_BROKERAGE,USD,2025-12-16,ACTIVE
A000000497,C00000413,MARGIN,EUR,2024-11-24,ACTIVE
A000000498,C00000845,PRIME_BROKERAGE,USD,2020-04-18,ACTIVE
A000000499,C00000455,CASH,EUR,2014-12-10,ACTIVE
A000000500,C00000651,PRIME_BROKERAGE,JPY,2026-03-16,ACTIVE
A000000501,C00000575,CASH,USD,2024-05-06,ACTIVE
A000000502,C00000475,CASH,HKD,2022-03-08,ACTIVE
A000000503,C00000191,CASH,EUR,2025-10-29,ACTIVE
A000000504,C00000808,CASH,EUR,2015-12-14,ACTIVE
A000000505,C00000742,CUSTODY,USD,2021-12-28,ACTIVE
A000000506,C00000756,CASH,USD,2019-11-03,ACTIVE
A000000507,C00000144,MARGIN,USD,2022-01-20,ACTIVE
A000000508,C00000205,CASH,USD,2016-06-01,ACTIVE
A000000509,C00000502,CASH,USD,2014-07-19,ACTIVE
A000000510,C00000647,MARGIN,USD,2017-08-17,ACTIVE
A000000511,C00000583,CASH,GBP,2018-07-01,ACTIVE
A000000512,C00000699,PRIME_BROKERAGE,USD,2014-12-24,ACTIVE
A000000513,C00000761,PRIME_BROKERAGE,USD,2021-07-20,ACTIVE
A000000514,C00000479,CASH,HKD,2014-09-06,ACTIVE
A000000515,C00000191,MARGIN,USD,2019-01-13,ACTIVE
A000000516,C00000387,MARGIN,HKD,2019-01-18,ACTIVE
A000000517,C00000645,CASH,HKD,2022-09-19,ACTIVE
A000000518,C00000343,CASH,HKD,2022-01-30,ACTIVE
A000000519,C00000314,CASH,EUR,2025-10-15,ACTIVE
A000000520,C00000632,MARGIN,EUR,2016-07-09,ACTIVE
A000000521,C00000485,PRIME_BROKERAGE,USD,2017-11-27,ACTIVE
A000000522,C00000495,MARGIN,USD,2021-01-08,ACTIVE
A000000523,C00000923,CUSTODY,USD,2016-09-22,ACTIVE
A000000524,C00000977,MARGIN,EUR,2022-08-07,ACTIVE
A000000525,C00000945,CASH,EUR,2014-07-10,ACTIVE
A000000526,C00000996,MARGIN,USD,2018-10-21,ACTIVE
A000000527,C00000056,CUSTODY,USD,2023-02-08,ACTIVE
A000000528,C00000470,CASH,USD,2022-12-20,ACTIVE
A000000529,C00000177,CASH,USD,2020-12-24,ACTIVE
A000000530,C00000448,CASH,USD,2017-11-19,ACTIVE
A000000531,C00000164,CASH,USD,2017-06-09,ACTIVE
A000000532,C00000935,MARGIN,USD,2015-11-19,ACTIVE
A000000533,C00000782,CUSTODY,USD,2019-02-20,ACTIVE
A000000534,C00000137,CASH,USD,2019-12-05,ACTIVE
A000000535,C00000748,PRIME_BROKERAGE,EUR,2024-09-01,ACTIVE
A000000536,C00000686,PRIME_BROKERAGE,EUR,2021-04-21,ACTIVE
A000000537,C00000183,PRIME_BROKERAGE,USD,2018-08-27,ACTIVE
A000000538,C00000002,MARGIN,GBP,2024-07-18,ACTIVE
A000000539,C00000142,MARGIN,USD,2019-07-04,ACTIVE
A000000540,C00000348,CASH,USD,2022-11-24,ACTIVE
A000000541,C00000397,MARGIN,USD,2020-06-03,CLOSED
A000000542,C00000432,CASH,USD,2014-09-03,ACTIVE
A000000543,C00000477,PRIME_BROKERAGE,USD,2024-01-02,ACTIVE
A000000544,C00000415,PRIME_BROKERAGE,USD,2019-02-14,ACTIVE
A000000545,C00000520,CASH,USD,2015-05-17,ACTIVE
A000000546,C00000687,MARGIN,GBP,2019-06-26,ACTIVE
A000000547,C00000760,MARGIN,EUR,2016-03-06,ACTIVE
A000000548,C00000800,MARGIN,USD,2018-02-04,ACTIVE
A000000549,C00000184,CUSTODY,EUR,2017-09-04,ACTIVE
A000000550,C00000082,CASH,USD,2020-06-29,ACTIVE
A000000551,C00000833,MARGIN,JPY,2016-07-10,ACTIVE
A000000552,C00000289,CASH,JPY,2015-12-15,ACTIVE
A000000553,C00000911,MARGIN,USD,2016-09-23,ACTIVE
A000000554,C00000304,PRIME_BROKERAGE,USD,2020-04-13,ACTIVE
A000000555,C00000366,MARGIN,USD,2019-08-08,ACTIVE
A000000556,C00000611,CASH,GBP,2014-05-12,ACTIVE
A000000557,C00000255,CASH,EUR,2023-06-14,ACTIVE
A000000558,C00000649,MARGIN,HKD,2018-07-13,CLOSED
A000000559,C00000706,MARGIN,HKD,2014-07-15,ACTIVE
A000000560,C00000042,CASH,USD,2022-12-26,ACTIVE
A000000561,C00000742,MARGIN,HKD,2017-09-17,ACTIVE
A000000562,C00000743,CASH,HKD,2019-07-04,ACTIVE
A000000563,C00000023,CASH,GBP,2024-07-01,ACTIVE
A000000564,C00000444,CUSTODY,GBP,2020-06-04,FROZEN
A000000565,C00000631,MARGIN,JPY,2020-10-23,ACTIVE
A000000566,C00000051,CASH,USD,2016-06-23,ACTIVE
A000000567,C00000706,PRIME_BROKERAGE,USD,2025-04-02,ACTIVE
A000000568,C00000932,CASH,USD,2026-03-01,ACTIVE
A000000569,C00000020,PRIME_BROKERAGE,EUR,2020-02-12,ACTIVE
A000000570,C00000614,PRIME_BROKERAGE,EUR,2024-02-06,ACTIVE
A000000571,C00000019,PRIME_BROKERAGE,USD,2019-10-28,ACTIVE
A000000572,C00000624,PRIME_BROKERAGE,EUR,2018-11-26,ACTIVE
A000000573,C00000488,CUSTODY,USD,2018-08-21,ACTIVE
A000000574,C00000843,MARGIN,USD,2015-02-01,ACTIVE
A000000575,C00000715,CASH,USD,2017-03-29,ACTIVE
A000000576,C00000873,MARGIN,USD,2015-05-14,ACTIVE
A000000577,C00000354,CASH,GBP,2014-05-26,ACTIVE
A000000578,C00000299,PRIME_BROKERAGE,USD,2015-10-18,ACTIVE
A000000579,C00000640,MARGIN,EUR,2016-08-06,ACTIVE
A000000580,C00000784,CASH,CAD,2015-04-09,FROZEN
A000000581,C00000385,CUSTODY,USD,2023-07-05,ACTIVE
A000000582,C00000224,CASH,USD,2019-10-15,ACTIVE
A000000583,C00000163,PRIME_BROKERAGE,CAD,2017-04-13,ACTIVE
A000000584,C00000361,PRIME_BROKERAGE,USD,2020-01-09,ACTIVE
A000000585,C00000372,MARGIN,EUR,2019-02-24,ACTIVE
A000000586,C00000546,CASH,JPY,2015-03-07,ACTIVE
A000000587,C00000294,PRIME_BROKERAGE,USD,2022-04-17,ACTIVE
A000000588,C00000004,MARGIN,USD,2015-11-14,ACTIVE
A000000589,C00000700,CUSTODY,USD,2016-11-24,CLOSED
A000000590,C00000421,CASH,USD,2021-04-01,ACTIVE
A000000591,C00000635,MARGIN,USD,2017-02-09,ACTIVE
A000000592,C00000333,MARGIN,USD,2015-09-11,ACTIVE
A000000593,C00000975,CASH,GBP,2017-07-18,ACTIVE
A000000594,C00000885,CASH,HKD,2016-01-04,ACTIVE
A000000595,C00000896,CASH,USD,2021-10-18,ACTIVE
A000000596,C00000301,CASH,USD,2015-12-08,ACTIVE
A000000597,C00000701,MARGIN,CAD,2022-04-24,CLOSED
A000000598,C00000513,MARGIN,JPY,2018-11-06,ACTIVE
A000000599,C00000931,CASH,USD,2024-09-16,ACTIVE
A000000600,C00000034,MARGIN,USD,2014-08-15,FROZEN
A000000601,C00000883,CASH,GBP,2020-06-11,ACTIVE
A000000602,C00000551,CASH,GBP,2025-09-29,ACTIVE
A000000603,C00000848,PRIME_BROKERAGE,USD,2017-05-05,ACTIVE
A000000604,C00000743,PRIME_BROKERAGE,USD,2014-10-21,ACTIVE
A000000605,C00000451,MARGIN,USD,2023-01-02,ACTIVE
A000000606,C00000777,PRIME_BROKERAGE,GBP,2023-10-09,ACTIVE
A000000607,C00000376,MARGIN,USD,2020-10-28,ACTIVE
A000000608,C00000216,CASH,USD,2024-08-13,ACTIVE
A000000609,C00000727,MARGIN,USD,2020-06-12,ACTIVE
A000000610,C00000706,MARGIN,GBP,2020-06-29,ACTIVE
A000000611,C00000609,CASH,USD,2014-07-29,ACTIVE
A000000612,C00000227,PRIME_BROKERAGE,EUR,2019-09-30,ACTIVE
A000000613,C00000734,CASH,EUR,2015-08-14,ACTIVE
A000000614,C00000690,CASH,GBP,2023-05-24,ACTIVE
A000000615,C00000300,PRIME_BROKERAGE,USD,2021-03-01,ACTIVE
A000000616,C00000217,MARGIN,USD,2026-01-03,ACTIVE
A000000617,C00000739,MARGIN,JPY,2014-09-08,ACTIVE
A000000618,C00000634,CUSTODY,CAD,2022-10-13,ACTIVE
A000000619,C00000514,CASH,USD,2015-05-24,ACTIVE
A000000620,C00000892,MARGIN,USD,2017-10-04,ACTIVE
A000000621,C00000970,CASH,USD,2021-08-24,ACTIVE
A000000622,C00000285,MARGIN,GBP,2023-08-06,ACTIVE
A000000623,C00000366,MARGIN,EUR,2026-01-02,ACTIVE
A000000624,C00000867,PRIME_BROKERAGE,GBP,2021-02-26,ACTIVE
A000000625,C00000373,MARGIN,USD,2024-01-23,CLOSED
A000000626,C00000520,CASH,EUR,2024-06-30,CLOSED
A000000627,C00000058,MARGIN,EUR,2020-10-15,ACTIVE
A000000628,C00000758,CASH,HKD,2020-10-12,ACTIVE
A000000629,C00000735,MARGIN,USD,2020-04-25,ACTIVE
A000000630,C00000094,PRIME_BROKERAGE,GBP,2024-11-06,ACTIVE
A000000631,C00000136,MARGIN,USD,2021-03-04,ACTIVE
A000000632,C00000780,MARGIN,USD,2025-02-17,ACTIVE
A000000633,C00000650,CASH,USD,2016-05-13,ACTIVE
A000000634,C00000203,CASH,EUR,2015-05-08,ACTIVE
A000000635,C00000010,MARGIN,JPY,2023-10-11,ACTIVE
A000000636,C00000454,PRIME_BROKERAGE,USD,2016-01-17,FROZEN
A000000637,C00000258,PRIME_BROKERAGE,EUR,2015-03-25,ACTIVE
A000000638,C00000337,MARGIN,EUR,2019-07-23,ACTIVE
A000000639,C00000545,CASH,USD,2014-12-29,ACTIVE
A000000640,C00000451,CASH,GBP,2022-03-11,ACTIVE
A000000641,C00000327,PRIME_BROKERAGE,EUR,2015-02-27,ACTIVE
A000000642,C00000068,PRIME_BROKERAGE,EUR,2024-02-27,ACTIVE
A000000643,C00000454,CASH,EUR,2022-03-07,ACTIVE
A000000644,C00000112,PRIME_BROKERAGE,USD,2015-01-09,ACTIVE
A000000645,C00000785,MARGIN,USD,2019-07-19,ACTIVE
A000000646,C00000216,MARGIN,USD,2022-10-08,ACTIVE
A000000647,C00000406,PRIME_BROKERAGE,JPY,2022-10-02,ACTIVE
A000000648,C00000529,CUSTODY,EUR,2016-12-04,ACTIVE
A000000649,C00000276,CASH,USD,2019-06-20,ACTIVE
A000000650,C00000314,CASH,USD,2019-03-16,ACTIVE
A000000651,C00000436,MARGIN,GBP,2026-02-24,ACTIVE
A000000652,C00000414,CASH,USD,2023-02-20,CLOSED
A000000653,C00000786,CASH,JPY,2021-09-28,ACTIVE
A000000654,C00000734,CASH,JPY,2025-09-30,ACTIVE
A000000655,C00000810,CASH,EUR,2021-10-21,ACTIVE
A000000656,C00000633,MARGIN,JPY,2023-11-18,ACTIVE
A000000657,C00000165,CASH,USD,2015-09-27,CLOSED
A000000658,C00000970,CASH,EUR,2015-05-10,ACTIVE
A000000659,C00000622,MARGIN,USD,2025-01-07,ACTIVE
A000000660,C00000283,MARGIN,USD,2019-11-26,ACTIVE
A000000661,C00000138,PRIME_BROKERAGE,USD,2016-12-30,ACTIVE
A000000662,C00000895,CASH,USD,2021-10-16,ACTIVE
A000000663,C00000449,CASH,EUR,2020-06-06,ACTIVE
A000000664,C00000837,CASH,USD,2024-10-01,ACTIVE
A000000665,C00000717,PRIME_BROKERAGE,USD,2018-03-05,ACTIVE
A000000666,C00000457,PRIME_BROKERAGE,USD,2019-01-27,ACTIVE
A000000667,C00000472,CASH,USD,2020-06-20,ACTIVE
A000000668,C00000766,CUSTODY,USD,2017-01-23,ACTIVE
A000000669,C00000826,MARGIN,USD,2014-06-05,ACTIVE
A000000670,C00000525,CASH,EUR,2025-07-23,CLOSED
A000000671,C00000895,PRIME_BROKERAGE,GBP,2015-03-30,ACTIVE
A000000672,C00000342,MARGIN,GBP,2024-03-18,CLOSED
A000000673,C00000800,CASH,USD,2014-10-05,ACTIVE
A000000674,C00000090,MARGIN,USD,2021-12-30,ACTIVE
A000000675,C00000786,MARGIN,JPY,2015-10-31,ACTIVE
A000000676,C00000902,CUSTODY,USD,2018-11-13,ACTIVE
A000000677,C00000664,MARGIN,USD,2016-07-30,ACTIVE
A000000678,C00000412,MARGIN,USD,2017-07-13,ACTIVE
A000000679,C00000231,CASH,USD,2021-04-12,ACTIVE
A000000680,C00000787,CASH,USD,2021-10-13,ACTIVE
A000000681,C00000589,CUSTODY,HKD,2022-11-08,ACTIVE
A000000682,C00000152,CASH,USD,2025-09-09,ACTIVE
A000000683,C00000968,PRIME_BROKERAGE,GBP,2018-06-17,CLOSED
A000000684,C00000336,PRIME_BROKERAGE,HKD,2021-08-05,ACTIVE
A000000685,C00000168,MARGIN,USD,2021-05-28,ACTIVE
A000000686,C00000028,CASH,HKD,2016-06-01,ACTIVE
A000000687,C00000971,CASH,USD,2021-08-07,ACTIVE
A000000688,C00000458,MARGIN,USD,2017-09-28,ACTIVE
A000000689,C00000128,CASH,USD,2014-09-10,ACTIVE
A000000690,C00000775,CASH,HKD,2018-03-29,ACTIVE
A000000691,C00000325,MARGIN,USD,2024-03-29,ACTIVE
A000000692,C00000369,MARGIN,EUR,2016-01-11,ACTIVE
A000000693,C00000390,PRIME_BROKERAGE,USD,2024-01-13,ACTIVE
A000000694,C00000969,CASH,USD,2019-07-14,ACTIVE
A000000695,C00000719,CASH,EUR,2017-07-15,ACTIVE
A000000696,C00000017,CUSTODY,USD,2019-01-10,ACTIVE
A000000697,C00000868,CASH,EUR,2023-05-29,ACTIVE
A000000698,C00000144,MARGIN,GBP,2024-11-26,ACTIVE
A000000699,C00000215,PRIME_BROKERAGE,EUR,2017-12-10,ACTIVE
A000000700,C00000844,CASH,USD,2014-08-24,CLOSED
A000000701,C00000760,PRIME_BROKERAGE,EUR,2018-02-02,ACTIVE
A000000702,C00000113,PRIME_BROKERAGE,USD,2021-09-13,ACTIVE
A000000703,C00000641,CASH,JPY,2019-01-28,ACTIVE
A000000704,C00000027,CASH,HKD,2025-07-05,ACTIVE
A000000705,C00000148,CUSTODY,USD,2017-10-27,ACTIVE
A000000706,C00000740,MARGIN,USD,2025-12-10,ACTIVE
A000000707,C00000229,CASH,CAD,2023-10-04,CLOSED
A000000708,C00000476,CUSTODY,JPY,2016-05-26,ACTIVE
A000000709,C00000618,PRIME_BROKERAGE,USD,2015-08-06,ACTIVE
A000000710,C00000925,CASH,USD,2018-01-29,CLOSED
A000000711,C00000685,PRIME_BROKERAGE,USD,2021-11-16,ACTIVE
A000000712,C00000528,CASH,HKD,2021-03-21,ACTIVE
A000000713,C00000762,CASH,USD,2023-12-01,ACTIVE
A000000714,C00000257,CASH,EUR,2018-11-27,ACTIVE
A000000715,C00000474,MARGIN,EUR,2020-04-17,ACTIVE
A000000716,C00000135,CASH,USD,2023-01-08,ACTIVE
A000000717,C00000958,PRIME_BROKERAGE,GBP,2017-08-22,ACTIVE
A000000718,C00000814,CASH,USD,2023-01-26,ACTIVE
A000000719,C00000856,PRIME_BROKERAGE,USD,2019-01-16,ACTIVE
A000000720,C00000493,MARGIN,USD,2017-03-06,ACTIVE
A000000721,C00000220,MARGIN,USD,2016-05-30,ACTIVE
A000000722,C00000287,MARGIN,EUR,2018-09-17,ACTIVE
A000000723,C00000914,CASH,USD,2015-05-07,ACTIVE
A000000724,C00000468,MARGIN,EUR,2018-08-07,ACTIVE
A000000725,C00000270,CASH,USD,2025-09-15,CLOSED
A000000726,C00000130,CASH,CAD,2023-10-14,ACTIVE
A000000727,C00000730,CASH,JPY,2019-05-23,ACTIVE
A000000728,C00000567,CUSTODY,USD,2014-12-16,ACTIVE
A000000729,C00000840,CUSTODY,CAD,2021-11-27,ACTIVE
A000000730,C00000697,CASH,USD,2018-05-04,ACTIVE
A000000731,C00000799,CASH,JPY,2014-07-02,ACTIVE
A000000732,C00000546,CASH,USD,2014-05-16,ACTIVE
A000000733,C00000163,CASH,USD,2021-03-15,ACTIVE
A000000734,C00000770,PRIME_BROKERAGE,EUR,2016-10-07,ACTIVE
A000000735,C00000286,CASH,CAD,2017-04-15,ACTIVE
A000000736,C00000923,MARGIN,USD,2015-08-04,ACTIVE
A000000737,C00000140,PRIME_BROKERAGE,USD,2024-08-06,ACTIVE
A000000738,C00000570,MARGIN,USD,2024-10-11,ACTIVE
A000000739,C00000421,CASH,USD,2022-09-07,ACTIVE
A000000740,C00000827,CUSTODY,CAD,2017-07-02,ACTIVE
A000000741,C00000662,MARGIN,EUR,2020-09-13,ACTIVE
A000000742,C00000073,CASH,HKD,2023-02-16,ACTIVE
A000000743,C00000127,PRIME_BROKERAGE,EUR,2022-11-15,ACTIVE
A000000744,C00000146,MARGIN,GBP,2026-01-13,ACTIVE
A000000745,C00000534,CASH,USD,2015-09-17,ACTIVE
A000000746,C00000449,CASH,USD,2016-02-01,ACTIVE
A000000747,C00000902,CUSTODY,HKD,2018-08-15,ACTIVE
A000000748,C00000973,CUSTODY,USD,2020-07-19,ACTIVE
A000000749,C00000478,MARGIN,USD,2015-05-08,ACTIVE
A000000750,C00000231,MARGIN,USD,2018-02-22,ACTIVE
A000000751,C00000871,MARGIN,JPY,2016-07-30,ACTIVE
A000000752,C00000654,CASH,GBP,2020-02-03,ACTIVE
A000000753,C00000656,MARGIN,USD,2020-08-22,FROZEN
A000000754,C00000086,CASH,GBP,2015-05-22,ACTIVE
A000000755,C00000507,CASH,USD,2020-04-25,ACTIVE
A000000756,C00000800,PRIME_BROKERAGE,USD,2017-11-06,ACTIVE
A000000757,C00000892,CUSTODY,USD,2023-11-10,ACTIVE
A000000758,C00000813,MARGIN,USD,2024-02-24,ACTIVE
A000000759,C00000783,CASH,EUR,2016-10-25,ACTIVE
A000000760,C00000736,PRIME_BROKERAGE,USD,2016-05-27,ACTIVE
A000000761,C00000588,PRIME_BROKERAGE,USD,2017-05-02,ACTIVE
A000000762,C00000644,PRIME_BROKERAGE,USD,2025-09-13,ACTIVE
A000000763,C00000186,CASH,HKD,2024-01-23,ACTIVE
A000000764,C00000423,PRIME_BROKERAGE,GBP,2020-08-04,ACTIVE
A000000765,C00000700,CASH,CAD,2020-09-12,ACTIVE
A000000766,C00000803,CASH,USD,2020-05-17,ACTIVE
A000000767,C00000165,CASH,GBP,2019-01-22,ACTIVE
A000000768,C00000772,CASH,JPY,2015-01-25,ACTIVE
A000000769,C00000342,CASH,EUR,2021-03-04,ACTIVE
A000000770,C00000314,CASH,GBP,2017-03-03,ACTIVE
A000000771,C00000510,MARGIN,GBP,2021-09-28,ACTIVE
A000000772,C00000725,MARGIN,USD,2016-06-16,ACTIVE
A000000773,C00000773,CASH,USD,2025-12-02,ACTIVE
A000000774,C00000596,CASH,EUR,2019-08-20,ACTIVE
A000000775,C00000552,CASH,EUR,2024-07-28,ACTIVE
A000000776,C00000093,PRIME_BROKERAGE,HKD,2017-03-15,ACTIVE
A000000777,C00000150,PRIME_BROKERAGE,EUR,2017-05-18,ACTIVE
A000000778,C00000395,CASH,CAD,2019-09-08,ACTIVE
A000000779,C00000995,CASH,CAD,2016-05-08,ACTIVE
A000000780,C00000252,MARGIN,EUR,2020-02-20,ACTIVE
A000000781,C00000230,PRIME_BROKERAGE,CAD,2020-10-10,ACTIVE
A000000782,C00000451,MARGIN,USD,2025-12-31,ACTIVE
A000000783,C00000988,CASH,EUR,2016-06-07,ACTIVE
A000000784,C00000565,CUSTODY,USD,2022-02-07,ACTIVE
A000000785,C00000595,CASH,EUR,2017-08-05,ACTIVE
A000000786,C00000724,PRIME_BROKERAGE,USD,2020-05-13,ACTIVE
A000000787,C00000374,CUSTODY,HKD,2019-02-05,ACTIVE
A000000788,C00000079,CUSTODY,USD,2020-09-27,ACTIVE
A000000789,C00000593,CASH,CAD,2014-11-23,ACTIVE
A000000790,C00000549,CASH,JPY,2021-03-02,ACTIVE
A000000791,C00000735,PRIME_BROKERAGE,CAD,2021-04-03,ACTIVE
A000000792,C00000589,PRIME_BROKERAGE,USD,2016-06-15,ACTIVE
A000000793,C00000447,CASH,CAD,2025-10-12,ACTIVE
A000000794,C00000573,MARGIN,HKD,2015-08-03,ACTIVE
A000000795,C00000152,CASH,USD,2020-02-01,ACTIVE
A000000796,C00000971,PRIME_BROKERAGE,USD,2015-04-09,ACTIVE
A000000797,C00000783,CUSTODY,CAD,2021-06-14,ACTIVE
A000000798,C00000318,MARGIN,EUR,2018-11-12,ACTIVE
A000000799,C00000818,PRIME_BROKERAGE,HKD,2023-01-16,ACTIVE
A000000800,C00000698,MARGIN,JPY,2025-02-02,ACTIVE
A000000801,C00000367,MARGIN,GBP,2024-09-07,ACTIVE
A000000802,C00000543,MARGIN,USD,2021-11-29,ACTIVE
A000000803,C00000616,PRIME_BROKERAGE,CAD,2022-03-19,ACTIVE
A000000804,C00000952,MARGIN,USD,2024-04-12,ACTIVE
A000000805,C00000414,MARGIN,HKD,2017-08-03,ACTIVE
A000000806,C00000391,MARGIN,USD,2018-07-30,ACTIVE
A000000807,C00000319,CASH,GBP,2020-08-16,ACTIVE
A000000808,C00000189,CASH,USD,2018-05-26,FROZEN
A000000809,C00000649,CASH,USD,2024-03-02,ACTIVE
A000000810,C00000021,PRIME_BROKERAGE,USD,2024-12-13,ACTIVE
A000000811,C00000098,CASH,CAD,2014-05-30,ACTIVE
A000000812,C00000335,CASH,USD,2017-11-14,ACTIVE
A000000813,C00000979,CASH,EUR,2015-02-07,ACTIVE
A000000814,C00000224,CUSTODY,USD,2022-10-22,ACTIVE
A000000815,C00000588,CASH,USD,2022-04-18,ACTIVE
A000000816,C00000834,PRIME_BROKERAGE,USD,2025-05-29,ACTIVE
A000000817,C00000910,CUSTODY,HKD,2019-04-15,ACTIVE
A000000818,C00000111,CASH,USD,2014-08-25,ACTIVE
A000000819,C00000103,MARGIN,EUR,2018-09-17,ACTIVE
A000000820,C00000951,MARGIN,JPY,2016-03-25,ACTIVE
A000000821,C00000685,MARGIN,USD,2018-01-28,ACTIVE
A000000822,C00000984,PRIME_BROKERAGE,USD,2017-03-18,ACTIVE
A000000823,C00000061,CUSTODY,HKD,2024-01-23,ACTIVE
A000000824,C00000094,MARGIN,USD,2014-06-14,ACTIVE
A000000825,C00000720,MARGIN,USD,2021-10-08,ACTIVE
A000000826,C00000139,MARGIN,USD,2016-09-18,ACTIVE
A000000827,C00000387,CASH,USD,2023-12-09,ACTIVE
A000000828,C00000496,MARGIN,USD,2019-11-02,ACTIVE
A000000829,C00000716,CASH,JPY,2022-01-22,ACTIVE
A000000830,C00000315,PRIME_BROKERAGE,GBP,2022-05-22,ACTIVE
A000000831,C00000757,CASH,USD,2019-06-26,ACTIVE
A000000832,C00000361,CUSTODY,USD,2016-07-19,ACTIVE
A000000833,C00000537,PRIME_BROKERAGE,EUR,2025-04-10,ACTIVE
A000000834,C00000102,MARGIN,USD,2021-04-22,ACTIVE
A000000835,C00000075,PRIME_BROKERAGE,USD,2025-12-05,ACTIVE
A000000836,C00000391,CASH,EUR,2019-10-06,ACTIVE
A000000837,C00000247,MARGIN,HKD,2018-11-10,FROZEN
A000000838,C00000400,PRIME_BROKERAGE,USD,2017-04-06,ACTIVE
A000000839,C00000146,MARGIN,EUR,2020-06-26,ACTIVE
A000000840,C00000433,MARGIN,GBP,2019-05-01,ACTIVE
A000000841,C00000900,MARGIN,HKD,2017-02-05,ACTIVE
A000000842,C00000426,PRIME_BROKERAGE,USD,2022-01-10,ACTIVE
A000000843,C00000500,CASH,USD,2017-05-29,ACTIVE
A000000844,C00000786,MARGIN,EUR,2021-04-11,ACTIVE
A000000845,C00000118,CASH,HKD,2015-04-27,ACTIVE
A000000846,C00000550,CASH,HKD,2020-07-10,CLOSED
A000000847,C00000733,CUSTODY,USD,2019-11-08,ACTIVE
A000000848,C00000584,CASH,GBP,2017-06-02,ACTIVE
A000000849,C00000906,CASH,USD,2015-02-09,ACTIVE
A000000850,C00000531,CUSTODY,USD,2023-10-29,ACTIVE
A000000851,C00000039,PRIME_BROKERAGE,USD,2024-10-06,ACTIVE
A000000852,C00000631,CASH,GBP,2016-05-12,ACTIVE
A000000853,C00000043,MARGIN,EUR,2022-01-14,ACTIVE
A000000854,C00000743,CASH,EUR,2022-11-07,ACTIVE
A000000855,C00000974,CASH,USD,2015-12-01,ACTIVE
A000000856,C00000660,CASH,USD,2019-09-25,ACTIVE
A000000857,C00000231,CASH,USD,2016-06-07,ACTIVE
A000000858,C00000452,CASH,USD,2014-06-04,ACTIVE
A000000859,C00000165,CASH,CAD,2025-01-02,ACTIVE
A000000860,C00000067,MARGIN,EUR,2022-06-20,ACTIVE
A000000861,C00000330,CASH,USD,2023-12-13,ACTIVE
A000000862,C00000007,CASH,EUR,2017-08-02,ACTIVE
A000000863,C00000123,PRIME_BROKERAGE,GBP,2025-06-27,ACTIVE
A000000864,C00000076,CASH,JPY,2015-08-05,ACTIVE
A000000865,C00000661,CASH,EUR,2017-08-08,ACTIVE
A000000866,C00000767,CASH,USD,2020-09-01,ACTIVE
A000000867,C00000652,MARGIN,HKD,2022-11-04,ACTIVE
A000000868,C00000901,CASH,USD,2022-05-14,CLOSED
A000000869,C00000398,CUSTODY,HKD,2018-01-08,ACTIVE
A000000870,C00000443,PRIME_BROKERAGE,USD,2015-12-18,ACTIVE
A000000871,C00000901,MARGIN,USD,2017-04-03,ACTIVE
A000000872,C00000642,CASH,HKD,2016-10-31,ACTIVE
A000000873,C00000472,PRIME_BROKERAGE,USD,2017-07-25,ACTIVE
A000000874,C00000346,CASH,USD,2014-05-23,ACTIVE
A000000875,C00000223,PRIME_BROKERAGE,EUR,2018-02-15,ACTIVE
A000000876,C00000562,PRIME_BROKERAGE,GBP,2017-11-14,ACTIVE
A000000877,C00000219,CASH,USD,2016-02-18,ACTIVE
A000000878,C00000853,CUSTODY,JPY,2017-01-12,ACTIVE
A000000879,C00000223,CASH,HKD,2017-08-28,ACTIVE
A000000880,C00000443,CASH,USD,2021-08-24,ACTIVE
A000000881,C00000684,CASH,CAD,2022-10-13,ACTIVE
A000000882,C00000589,PRIME_BROKERAGE,USD,2017-01-19,ACTIVE
A000000883,C00000252,PRIME_BROKERAGE,USD,2015-05-13,ACTIVE
A000000884,C00000956,PRIME_BROKERAGE,EUR,2025-06-26,ACTIVE
A000000885,C00000806,CASH,USD,2025-02-03,ACTIVE
A000000886,C00000093,CASH,HKD,2021-09-21,ACTIVE
A000000887,C00000981,CASH,JPY,2018-02-19,ACTIVE
A000000888,C00000324,MARGIN,JPY,2015-08-16,ACTIVE
A000000889,C00000180,CASH,USD,2022-09-10,ACTIVE
A000000890,C00000156,CASH,USD,2017-02-01,ACTIVE
A000000891,C00000566,MARGIN,EUR,2019-12-21,ACTIVE
A000000892,C00000926,CASH,USD,2022-12-27,ACTIVE
A000000893,C00000100,PRIME_BROKERAGE,USD,2017-09-25,ACTIVE
A000000894,C00000489,CASH,USD,2018-02-24,ACTIVE
A000000895,C00000599,MARGIN,USD,2025-10-31,CLOSED
A000000896,C00000970,MARGIN,USD,2018-08-28,FROZEN
A000000897,C00000908,CASH,USD,2019-07-19,ACTIVE
A000000898,C00000939,CASH,CAD,2021-11-09,CLOSED
A000000899,C00000329,CASH,GBP,2024-05-31,ACTIVE
A000000900,C00000819,MARGIN,EUR,2016-11-27,FROZEN
A000000901,C00000374,PRIME_BROKERAGE,USD,2019-12-29,FROZEN
A000000902,C00000926,CUSTODY,USD,2022-07-14,ACTIVE
A000000903,C00000245,PRIME_BROKERAGE,USD,2016-07-26,ACTIVE
A000000904,C00000280,PRIME_BROKERAGE,GBP,2016-01-02,ACTIVE
A000000905,C00000341,MARGIN,USD,2026-01-14,ACTIVE
A000000906,C00000020,CASH,USD,2015-09-25,ACTIVE
A000000907,C00000037,MARGIN,USD,2017-11-11,ACTIVE
A000000908,C00000823,MARGIN,CAD,2016-10-03,ACTIVE
A000000909,C00000351,CASH,USD,2020-05-30,ACTIVE
A000000910,C00000501,CASH,USD,2016-03-09,ACTIVE
A000000911,C00000087,PRIME_BROKERAGE,HKD,2014-11-12,ACTIVE
A000000912,C00000024,PRIME_BROKERAGE,JPY,2023-11-17,ACTIVE
A000000913,C00000182,CASH,USD,2020-12-17,ACTIVE
A000000914,C00000885,CASH,GBP,2018-08-17,ACTIVE
A000000915,C00000633,CASH,EUR,2015-12-11,ACTIVE
A000000916,C00000339,PRIME_BROKERAGE,USD,2023-07-17,ACTIVE
A000000917,C00000143,CASH,GBP,2024-06-16,ACTIVE
A000000918,C00000736,CUSTODY,USD,2021-01-18,ACTIVE
A000000919,C00000735,CASH,USD,2014-05-28,ACTIVE
A000000920,C00000838,CASH,CAD,2022-02-07,ACTIVE
A000000921,C00000750,MARGIN,JPY,2024-11-26,ACTIVE
A000000922,C00000520,CASH,USD,2021-11-04,ACTIVE
A000000923,C00000900,MARGIN,CAD,2023-07-01,ACTIVE
A000000924,C00000078,CASH,JPY,2021-03-03,ACTIVE
A000000925,C00000651,PRIME_BROKERAGE,USD,2017-01-11,ACTIVE
A000000926,C00000293,CASH,USD,2018-07-18,ACTIVE
A000000927,C00000544,CASH,HKD,2020-08-19,ACTIVE
A000000928,C00000166,CASH,USD,2018-07-23,ACTIVE
A000000929,C00000062,MARGIN,JPY,2024-06-26,ACTIVE
A000000930,C00000921,PRIME_BROKERAGE,USD,2024-04-19,ACTIVE
A000000931,C00000790,CUSTODY,USD,2024-10-19,ACTIVE
A000000932,C00000745,PRIME_BROKERAGE,USD,2015-07-03,ACTIVE
A000000933,C00000308,PRIME_BROKERAGE,USD,2022-01-04,ACTIVE
A000000934,C00000175,CASH,USD,2015-11-07,ACTIVE
A000000935,C00000333,CUSTODY,JPY,2017-03-26,ACTIVE
A000000936,C00000921,MARGIN,USD,2017-08-18,ACTIVE
A000000937,C00000026,PRIME_BROKERAGE,GBP,2017-09-21,FROZEN
A000000938,C00000648,CASH,USD,2016-07-14,ACTIVE
A000000939,C00000678,CUSTODY,USD,2022-02-25,ACTIVE
A000000940,C00000017,CASH,USD,2018-09-17,ACTIVE
A000000941,C00000510,CASH,USD,2020-01-19,ACTIVE
A000000942,C00000499,MARGIN,USD,2016-07-08,ACTIVE
A000000943,C00000164,MARGIN,EUR,2018-05-09,CLOSED
A000000944,C00000069,CUSTODY,GBP,2019-10-15,ACTIVE
A000000945,C00000532,CUSTODY,JPY,2016-12-09,ACTIVE
A000000946,C00000980,CASH,USD,2019-04-24,ACTIVE
A000000947,C00000440,MARGIN,EUR,2014-05-26,ACTIVE
A000000948,C00000743,CASH,EUR,2023-05-28,ACTIVE
A000000949,C00000994,MARGIN,USD,2017-12-23,ACTIVE
A000000950,C00000215,CUSTODY,EUR,2019-04-08,ACTIVE
A000000951,C00000924,CUSTODY,GBP,2018-08-20,ACTIVE
A000000952,C00000340,MARGIN,HKD,2019-01-22,ACTIVE
A000000953,C00000587,CUSTODY,USD,2020-12-17,ACTIVE
A000000954,C00000256,MARGIN,USD,2025-11-04,ACTIVE
A000000955,C00000902,CASH,GBP,2019-01-24,ACTIVE
A000000956,C00000503,MARGIN,HKD,2020-04-23,ACTIVE
A000000957,C00000399,PRIME_BROKERAGE,GBP,2020-01-31,ACTIVE
A000000958,C00000373,PRIME_BROKERAGE,USD,2020-09-29,ACTIVE
A000000959,C00000004,CASH,JPY,2015-06-15,ACTIVE
A000000960,C00000803,CASH,USD,2019-03-26,ACTIVE
A000000961,C00000550,CASH,JPY,2022-01-21,CLOSED
A000000962,C00000612,MARGIN,USD,2024-12-01,ACTIVE
A000000963,C00000200,MARGIN,EUR,2020-09-16,ACTIVE
A000000964,C00000434,PRIME_BROKERAGE,JPY,2019-08-04,ACTIVE
A000000965,C00000148,CASH,USD,2016-10-28,ACTIVE
A000000966,C00000477,PRIME_BROKERAGE,CAD,2016-04-04,ACTIVE
A000000967,C00000569,CASH,USD,2019-03-26,ACTIVE
A000000968,C00000281,MARGIN,USD,2016-02-10,ACTIVE
A000000969,C00000601,CASH,CAD,2023-07-01,ACTIVE
A000000970,C00000335,MARGIN,USD,2019-03-17,ACTIVE
A000000971,C00000385,MARGIN,EUR,2019-01-05,ACTIVE
A000000972,C00000335,MARGIN,GBP,2019-12-07,ACTIVE
A000000973,C00000775,MARGIN,HKD,2025-01-09,ACTIVE
A000000974,C00000731,CASH,USD,2024-10-02,ACTIVE
A000000975,C00000105,MARGIN,HKD,2021-01-02,ACTIVE
A000000976,C00000369,CUSTODY,USD,2017-01-08,ACTIVE
A000000977,C00000072,MARGIN,EUR,2014-07-05,ACTIVE
A000000978,C00000809,CASH,USD,2024-04-09,ACTIVE
A000000979,C00000460,CASH,GBP,2020-06-05,ACTIVE
A000000980,C00000058,MARGIN,EUR,2025-02-06,ACTIVE
A000000981,C00000715,CASH,USD,2021-05-13,ACTIVE
A000000982,C00000973,CASH,JPY,2015-01-19,ACTIVE
A000000983,C00000397,PRIME_BROKERAGE,EUR,2025-11-05,ACTIVE
A000000984,C00000297,MARGIN,EUR,2016-12-20,ACTIVE
A000000985,C00000042,CASH,USD,2021-02-16,ACTIVE
A000000986,C00000008,CASH,USD,2018-01-08,ACTIVE
A000000987,C00000849,CASH,USD,2026-02-10,ACTIVE
A000000988,C00000763,MARGIN,USD,2017-11-18,ACTIVE
A000000989,C00000164,PRIME_BROKERAGE,GBP,2020-07-12,ACTIVE
A000000990,C00000335,PRIME_BROKERAGE,USD,2019-11-17,ACTIVE
A000000991,C00000457,MARGIN,EUR,2014-10-19,ACTIVE
A000000992,C00000210,CASH,USD,2023-11-19,ACTIVE
A000000993,C00000896,CASH,GBP,2019-07-31,ACTIVE
A000000994,C00000691,CASH,EUR,2019-06-22,ACTIVE
A000000995,C00000056,MARGIN,USD,2020-08-13,ACTIVE
A000000996,C00000025,CASH,USD,2022-03-21,ACTIVE
A000000997,C00000212,MARGIN,GBP,2018-12-08,ACTIVE
A000000998,C00000401,MARGIN,USD,2015-04-02,ACTIVE
A000000999,C00000612,CASH,CAD,2020-09-14,ACTIVE
A000001000,C00000110,PRIME_BROKERAGE,JPY,2025-02-26,ACTIVE
A000001001,C00000970,CASH,USD,2016-04-18,ACTIVE
A000001002,C00000582,CUSTODY,USD,2018-01-08,ACTIVE
A000001003,C00000196,CUSTODY,GBP,2017-11-30,ACTIVE
A000001004,C00000428,MARGIN,USD,2025-06-29,ACTIVE
A000001005,C00000310,CASH,USD,2021-09-08,ACTIVE
A000001006,C00000652,PRIME_BROKERAGE,EUR,2025-08-06,ACTIVE
A000001007,C00000955,MARGIN,USD,2024-05-06,ACTIVE
A000001008,C00000467,PRIME_BROKERAGE,EUR,2020-02-25,ACTIVE
A000001009,C00000720,MARGIN,USD,2022-11-03,ACTIVE
A000001010,C00000408,MARGIN,USD,2015-02-14,ACTIVE
A000001011,C00000477,MARGIN,CAD,2025-04-16,ACTIVE
A000001012,C00000983,PRIME_BROKERAGE,USD,2019-12-18,ACTIVE
A000001013,C00000208,PRIME_BROKERAGE,USD,2020-03-06,CLOSED
A000001014,C00000193,CASH,USD,2026-03-27,FROZEN
A000001015,C00000046,PRIME_BROKERAGE,JPY,2016-07-06,ACTIVE
A000001016,C00000720,MARGIN,USD,2025-03-20,ACTIVE
A000001017,C00000091,MARGIN,USD,2015-09-06,ACTIVE
A000001018,C00000383,MARGIN,USD,2023-01-04,ACTIVE
A000001019,C00000655,CASH,USD,2017-04-07,ACTIVE
A000001020,C00000356,PRIME_BROKERAGE,USD,2015-03-09,ACTIVE
A000001021,C00000418,CASH,USD,2020-08-06,ACTIVE
A000001022,C00000341,CUSTODY,EUR,2016-03-02,ACTIVE
A000001023,C00000883,MARGIN,HKD,2018-07-29,ACTIVE
A000001024,C00000881,CUSTODY,USD,2018-08-13,ACTIVE
A000001025,C00000852,PRIME_BROKERAGE,JPY,2023-02-24,CLOSED
A000001026,C00000812,CASH,EUR,2024-06-11,ACTIVE
A000001027,C00000902,CASH,EUR,2025-05-03,ACTIVE
A000001028,C00000590,CASH,HKD,2022-08-01,ACTIVE
A000001029,C00000701,PRIME_BROKERAGE,USD,2023-08-28,ACTIVE
A000001030,C00000857,PRIME_BROKERAGE,EUR,2017-06-02,ACTIVE
A000001031,C00000840,CASH,EUR,2017-02-15,ACTIVE
A000001032,C00000109,CASH,EUR,2022-10-14,ACTIVE
A000001033,C00000917,PRIME_BROKERAGE,GBP,2014-12-18,ACTIVE
A000001034,C00000508,CASH,USD,2019-05-27,ACTIVE
A000001035,C00000416,CASH,USD,2024-02-10,CLOSED
A000001036,C00000196,CASH,USD,2023-07-25,ACTIVE
A000001037,C00000848,PRIME_BROKERAGE,USD,2020-08-04,ACTIVE
A000001038,C00000122,MARGIN,USD,2017-03-28,ACTIVE
A000001039,C00000612,CASH,USD,2021-08-08,ACTIVE
A000001040,C00000635,MARGIN,USD,2025-05-03,ACTIVE
A000001041,C00000033,MARGIN,USD,2020-07-16,ACTIVE
A000001042,C00000882,PRIME_BROKERAGE,GBP,2024-01-30,ACTIVE
A000001043,C00000602,MARGIN,USD,2015-04-13,FROZEN
A000001044,C00000390,CASH,USD,2024-04-30,ACTIVE
A000001045,C00000557,CASH,USD,2024-03-02,ACTIVE
A000001046,C00000768,CASH,EUR,2015-10-02,ACTIVE
A000001047,C00000318,MARGIN,GBP,2016-02-27,ACTIVE
A000001048,C00000421,CASH,EUR,2025-08-23,ACTIVE
A000001049,C00000456,CASH,USD,2020-02-12,ACTIVE
A000001050,C00000398,PRIME_BROKERAGE,EUR,2025-03-08,ACTIVE
A000001051,C00000121,MARGIN,USD,2016-02-23,ACTIVE
A000001052,C00000167,CASH,EUR,2016-09-15,ACTIVE
A000001053,C00000159,CUSTODY,USD,2015-06-19,ACTIVE
A000001054,C00000006,CASH,GBP,2022-04-26,ACTIVE
A000001055,C00000045,CASH,USD,2015-03-19,ACTIVE
A000001056,C00000456,PRIME_BROKERAGE,HKD,2023-09-03,ACTIVE
A000001057,C00000143,CASH,CAD,2025-09-30,ACTIVE
A000001058,C00000376,PRIME_BROKERAGE,USD,2014-07-01,ACTIVE
A000001059,C00000378,MARGIN,USD,2015-08-27,ACTIVE
A000001060,C00000447,MARGIN,USD,2024-10-25,ACTIVE
A000001061,C00000899,CUSTODY,USD,2017-04-11,ACTIVE
A000001062,C00000250,CUSTODY,JPY,2023-07-25,ACTIVE
A000001063,C00000089,MARGIN,EUR,2016-04-09,ACTIVE
A000001064,C00000560,CASH,USD,2024-10-11,CLOSED
A000001065,C00000673,CASH,USD,2025-05-21,ACTIVE
A000001066,C00000151,CASH,GBP,2017-07-07,ACTIVE
A000001067,C00000062,MARGIN,USD,2014-07-06,ACTIVE
A000001068,C00000600,MARGIN,USD,2023-03-16,ACTIVE
A000001069,C00000250,PRIME_BROKERAGE,JPY,2022-01-17,ACTIVE
A000001070,C00000490,MARGIN,USD,2017-07-30,ACTIVE
A000001071,C00000643,MARGIN,JPY,2023-01-01,ACTIVE
A000001072,C00000879,MARGIN,JPY,2024-10-01,ACTIVE
A000001073,C00000075,MARGIN,USD,2017-01-01,ACTIVE
A000001074,C00000371,CUSTODY,JPY,2017-02-28,ACTIVE
A000001075,C00000443,CASH,USD,2017-06-05,ACTIVE
A000001076,C00000688,PRIME_BROKERAGE,USD,2016-03-10,ACTIVE
A000001077,C00000888,CASH,HKD,2015-07-12,ACTIVE
A000001078,C00000810,MARGIN,USD,2022-10-01,ACTIVE
A000001079,C00000534,CASH,GBP,2016-07-27,ACTIVE
A000001080,C00000428,CASH,USD,2023-01-05,ACTIVE
A000001081,C00000041,CASH,USD,2015-11-10,ACTIVE
A000001082,C00000940,CASH,JPY,2018-12-10,ACTIVE
A000001083,C00000876,CUSTODY,EUR,2017-08-14,ACTIVE
A000001084,C00000860,MARGIN,EUR,2023-03-14,ACTIVE
A000001085,C00000094,MARGIN,CAD,2014-04-30,ACTIVE
A000001086,C00000647,CASH,EUR,2020-03-11,ACTIVE
A000001087,C00000609,MARGIN,USD,2019-01-03,ACTIVE
A000001088,C00000580,CASH,CAD,2021-12-22,ACTIVE
A000001089,C00000531,MARGIN,USD,2016-10-08,ACTIVE
A000001090,C00000193,PRIME_BROKERAGE,HKD,2023-02-26,ACTIVE
A000001091,C00000705,CASH,EUR,2018-03-03,ACTIVE
A000001092,C00000567,CASH,GBP,2014-08-12,ACTIVE
A000001093,C00000742,PRIME_BROKERAGE,USD,2020-09-26,ACTIVE
A000001094,C00000809,MARGIN,USD,2015-02-17,ACTIVE
A000001095,C00000402,MARGIN,USD,2015-12-25,ACTIVE
A000001096,C00000150,CASH,USD,2023-06-27,CLOSED
A000001097,C00000833,MARGIN,USD,2024-10-13,ACTIVE
A000001098,C00000957,CASH,USD,2020-01-24,ACTIVE
A000001099,C00000431,CASH,USD,2016-09-07,ACTIVE
A000001100,C00000502,MARGIN,USD,2017-08-07,ACTIVE
A000001101,C00000144,CASH,USD,2025-01-20,ACTIVE
A000001102,C00000072,CASH,EUR,2020-04-04,ACTIVE
A000001103,C00000099,CUSTODY,EUR,2021-09-06,ACTIVE
A000001104,C00000677,MARGIN,USD,2018-09-15,CLOSED
A000001105,C00000737,CASH,USD,2021-02-08,ACTIVE
A000001106,C00000619,MARGIN,USD,2018-05-07,ACTIVE
A000001107,C00000156,CASH,EUR,2021-05-06,ACTIVE
A000001108,C00000990,PRIME_BROKERAGE,USD,2025-11-20,CLOSED
A000001109,C00000094,MARGIN,EUR,2020-03-24,ACTIVE
A000001110,C00000128,CASH,JPY,2021-04-27,ACTIVE
A000001111,C00000625,CASH,USD,2021-05-02,ACTIVE
A000001112,C00000004,CASH,USD,2017-08-09,ACTIVE
A000001113,C00000238,CASH,USD,2016-04-25,ACTIVE
A000001114,C00000757,PRIME_BROKERAGE,JPY,2017-10-01,ACTIVE
A000001115,C00000784,CASH,HKD,2015-04-03,ACTIVE
A000001116,C00000897,MARGIN,USD,2015-01-31,ACTIVE
A000001117,C00000398,PRIME_BROKERAGE,EUR,2017-11-29,ACTIVE
A000001118,C00000080,MARGIN,EUR,2017-10-22,ACTIVE
A000001119,C00000414,CASH,USD,2017-03-11,ACTIVE
A000001120,C00000733,CASH,USD,2015-09-29,CLOSED
A000001121,C00000703,CUSTODY,USD,2024-10-29,ACTIVE
A000001122,C00000820,CASH,EUR,2018-03-19,ACTIVE
A000001123,C00000503,MARGIN,USD,2016-10-06,ACTIVE
A000001124,C00000262,CASH,USD,2020-06-13,ACTIVE
A000001125,C00000173,CASH,EUR,2014-09-05,ACTIVE
A000001126,C00000830,CASH,USD,2017-09-21,ACTIVE
A000001127,C00000779,CASH,GBP,2022-09-19,ACTIVE
A000001128,C00000713,MARGIN,USD,2014-07-01,ACTIVE
A000001129,C00000464,CASH,USD,2016-07-02,ACTIVE
A000001130,C00000938,CASH,USD,2022-07-16,ACTIVE
A000001131,C00000238,PRIME_BROKERAGE,EUR,2022-05-01,ACTIVE
A000001132,C00000482,CUSTODY,HKD,2020-12-23,ACTIVE
A000001133,C00000985,CASH,GBP,2024-10-07,ACTIVE
A000001134,C00000276,PRIME_BROKERAGE,USD,2023-06-30,ACTIVE
A000001135,C00000567,PRIME_BROKERAGE,GBP,2022-11-07,ACTIVE
A000001136,C00000192,CASH,USD,2022-06-04,ACTIVE
A000001137,C00000526,PRIME_BROKERAGE,EUR,2025-01-01,ACTIVE
A000001138,C00000172,CASH,USD,2023-04-24,ACTIVE
A000001139,C00000624,PRIME_BROKERAGE,EUR,2020-01-06,ACTIVE
A000001140,C00000466,CASH,USD,2020-09-16,ACTIVE
A000001141,C00000621,PRIME_BROKERAGE,USD,2017-10-24,ACTIVE
A000001142,C00000295,MARGIN,GBP,2017-06-02,ACTIVE
A000001143,C00000744,MARGIN,EUR,2014-08-15,ACTIVE
A000001144,C00000621,MARGIN,JPY,2017-03-10,ACTIVE
A000001145,C00000537,CUSTODY,USD,2015-01-26,ACTIVE
A000001146,C00000038,CASH,EUR,2018-01-13,ACTIVE
A000001147,C00000119,MARGIN,USD,2017-11-05,ACTIVE
A000001148,C00000025,CASH,USD,2025-12-01,ACTIVE
A000001149,C00000794,MARGIN,USD,2023-02-21,ACTIVE
A000001150,C00000310,CASH,USD,2021-03-08,ACTIVE
A000001151,C00000259,MARGIN,USD,2015-11-05,ACTIVE
A000001152,C00000210,MARGIN,USD,2025-02-15,ACTIVE
A000001153,C00000150,PRIME_BROKERAGE,HKD,2019-08-26,ACTIVE
A000001154,C00000359,MARGIN,USD,2016-07-22,ACTIVE
A000001155,C00000302,CASH,EUR,2015-07-30,ACTIVE
A000001156,C00000890,PRIME_BROKERAGE,USD,2018-11-04,ACTIVE
A000001157,C00000945,MARGIN,USD,2024-01-03,ACTIVE
A000001158,C00000729,MARGIN,USD,2014-11-07,ACTIVE
A000001159,C00000534,CASH,USD,2018-10-14,ACTIVE
A000001160,C00000472,CASH,USD,2018-01-09,ACTIVE
A000001161,C00000530,MARGIN,HKD,2015-05-06,ACTIVE
A000001162,C00000527,CASH,GBP,2014-12-06,ACTIVE
A000001163,C00000992,CASH,JPY,2018-11-15,ACTIVE
A000001164,C00000451,PRIME_BROKERAGE,EUR,2023-01-18,ACTIVE
A000001165,C00000937,CASH,EUR,2020-02-03,ACTIVE
A000001166,C00000043,CASH,USD,2023-04-18,ACTIVE
A000001167,C00000583,CASH,GBP,2022-11-16,ACTIVE
A000001168,C00000582,CASH,HKD,2026-04-07,FROZEN
A000001169,C00000168,PRIME_BROKERAGE,USD,2015-06-15,ACTIVE
A000001170,C00000225,MARGIN,CAD,2015-03-18,ACTIVE
A000001171,C00000686,MARGIN,HKD,2017-12-06,ACTIVE
A000001172,C00000979,CUSTODY,EUR,2018-11-11,ACTIVE
A000001173,C00000335,MARGIN,EUR,2014-08-12,ACTIVE
A000001174,C00000826,MARGIN,HKD,2021-03-15,ACTIVE
A000001175,C00000445,MARGIN,USD,2014-11-12,ACTIVE
A000001176,C00000997,PRIME_BROKERAGE,USD,2019-07-17,ACTIVE
A000001177,C00000264,CASH,USD,2021-04-06,ACTIVE
A000001178,C00000225,PRIME_BROKERAGE,USD,2022-11-03,ACTIVE
A000001179,C00000715,MARGIN,USD,2017-04-23,ACTIVE
A000001180,C00000340,CASH,USD,2015-06-27,ACTIVE
A000001181,C00000679,CASH,USD,2024-12-31,ACTIVE
A000001182,C00000835,MARGIN,USD,2025-08-04,ACTIVE
A000001183,C00000380,CASH,USD,2015-03-31,ACTIVE
A000001184,C00000406,MARGIN,USD,2021-01-01,ACTIVE
A000001185,C00000626,PRIME_BROKERAGE,USD,2018-12-10,ACTIVE
A000001186,C00000874,CASH,USD,2026-02-01,ACTIVE
A000001187,C00000439,MARGIN,USD,2022-11-14,FROZEN
A000001188,C00000003,MARGIN,USD,2019-09-28,FROZEN
A000001189,C00000376,MARGIN,HKD,2018-04-07,ACTIVE
A000001190,C00000090,CASH,HKD,2018-11-15,ACTIVE
A000001191,C00000597,CASH,USD,2026-04-10,ACTIVE
A000001192,C00000197,PRIME_BROKERAGE,HKD,2015-04-12,ACTIVE
A000001193,C00000608,CASH,JPY,2024-09-01,ACTIVE
A000001194,C00000292,CASH,USD,2020-06-12,ACTIVE
A000001195,C00000795,MARGIN,USD,2021-04-04,ACTIVE
A000001196,C00000033,CASH,USD,2022-08-17,ACTIVE
A000001197,C00000830,MARGIN,CAD,2019-05-28,ACTIVE
A000001198,C00000723,PRIME_BROKERAGE,USD,2021-01-01,ACTIVE
A000001199,C00000868,CASH,USD,2020-11-17,ACTIVE
A000001200,C00000721,CASH,USD,2023-08-21,ACTIVE
A000001201,C00000460,CASH,GBP,2019-12-10,ACTIVE
A000001202,C00000705,CASH,USD,2015-06-23,ACTIVE
A000001203,C00000126,CUSTODY,EUR,2019-06-29,ACTIVE
A000001204,C00000215,PRIME_BROKERAGE,EUR,2018-02-09,ACTIVE
A000001205,C00000197,CASH,USD,2020-08-15,ACTIVE
A000001206,C00000833,MARGIN,EUR,2017-05-12,ACTIVE
A000001207,C00000884,CASH,USD,2018-12-11,ACTIVE
A000001208,C00000725,MARGIN,USD,2022-02-24,ACTIVE
A000001209,C00000803,CASH,USD,2024-03-09,ACTIVE
A000001210,C00000343,CASH,HKD,2020-11-22,ACTIVE
A000001211,C00000508,CUSTODY,HKD,2022-03-25,ACTIVE
A000001212,C00000790,CASH,USD,2018-08-02,ACTIVE
A000001213,C00000382,CASH,USD,2015-01-15,ACTIVE
A000001214,C00000152,CASH,EUR,2014-12-14,ACTIVE
A000001215,C00000401,PRIME_BROKERAGE,CAD,2021-11-12,ACTIVE
A000001216,C00000973,PRIME_BROKERAGE,USD,2019-10-08,ACTIVE
A000001217,C00000774,MARGIN,USD,2025-11-16,ACTIVE
A000001218,C00000643,CUSTODY,USD,2016-12-01,ACTIVE
A000001219,C00000937,PRIME_BROKERAGE,EUR,2019-03-18,ACTIVE
A000001220,C00000229,MARGIN,USD,2025-05-29,ACTIVE
A000001221,C00000685,CUSTODY,USD,2020-04-29,ACTIVE
A000001222,C00000235,CASH,CAD,2016-03-14,ACTIVE
A000001223,C00000003,MARGIN,CAD,2020-02-21,ACTIVE
A000001224,C00000922,MARGIN,USD,2015-01-09,ACTIVE
A000001225,C00000751,PRIME_BROKERAGE,EUR,2019-05-30,ACTIVE
A000001226,C00000680,CASH,CAD,2021-06-28,ACTIVE
A000001227,C00000566,CASH,USD,2021-01-04,ACTIVE
A000001228,C00000399,MARGIN,USD,2021-10-14,ACTIVE
A000001229,C00000440,CASH,EUR,2015-07-07,ACTIVE
A000001230,C00000133,CUSTODY,GBP,2022-06-27,ACTIVE
A000001231,C00000688,CASH,USD,2016-09-17,ACTIVE
A000001232,C00000168,CASH,GBP,2019-10-20,ACTIVE
A000001233,C00000556,MARGIN,EUR,2024-07-26,FROZEN
A000001234,C00000895,CASH,HKD,2020-11-26,ACTIVE
A000001235,C00000789,PRIME_BROKERAGE,HKD,2022-04-06,ACTIVE
A000001236,C00000463,CASH,EUR,2015-11-04,ACTIVE
A000001237,C00000493,MARGIN,USD,2024-05-29,ACTIVE
A000001238,C00000095,CASH,USD,2022-01-12,ACTIVE
A000001239,C00000257,PRIME_BROKERAGE,HKD,2024-05-04,FROZEN
A000001240,C00000167,CASH,USD,2021-12-03,ACTIVE
A000001241,C00000947,PRIME_BROKERAGE,USD,2018-08-25,ACTIVE
A000001242,C00000812,PRIME_BROKERAGE,USD,2014-10-14,ACTIVE
A000001243,C00000413,CASH,USD,2015-06-08,ACTIVE
A000001244,C00000766,MARGIN,CAD,2021-03-11,ACTIVE
A000001245,C00000957,CUSTODY,USD,2016-01-04,ACTIVE
A000001246,C00000658,CASH,HKD,2025-06-17,ACTIVE
A000001247,C00000004,MARGIN,USD,2017-12-03,ACTIVE
A000001248,C00000426,PRIME_BROKERAGE,USD,2019-03-18,ACTIVE
A000001249,C00000088,CASH,USD,2014-08-08,ACTIVE
A000001250,C00000120,MARGIN,USD,2018-08-20,ACTIVE
A000001251,C00000831,CASH,JPY,2019-03-02,ACTIVE
A000001252,C00000550,PRIME_BROKERAGE,USD,2023-11-20,ACTIVE
A000001253,C00000308,MARGIN,CAD,2020-06-26,ACTIVE
A000001254,C00000157,CASH,JPY,2024-08-10,CLOSED
A000001255,C00000373,CASH,USD,2019-07-21,ACTIVE
A000001256,C00000027,CUSTODY,USD,2024-03-10,ACTIVE
A000001257,C00000954,MARGIN,EUR,2024-01-12,ACTIVE
A000001258,C00000098,CUSTODY,GBP,2019-02-20,ACTIVE
A000001259,C00000188,MARGIN,EUR,2024-07-05,ACTIVE
A000001260,C00000284,CASH,GBP,2024-06-28,ACTIVE
A000001261,C00000563,CUSTODY,JPY,2019-08-12,ACTIVE
A000001262,C00000674,CASH,HKD,2025-05-13,ACTIVE
A000001263,C00000900,MARGIN,EUR,2020-03-29,ACTIVE
A000001264,C00000141,CASH,HKD,2026-03-10,ACTIVE
A000001265,C00000489,CASH,JPY,2017-03-04,ACTIVE
A000001266,C00000271,CASH,HKD,2020-09-21,ACTIVE
A000001267,C00000173,CASH,HKD,2023-12-13,ACTIVE
A000001268,C00000018,MARGIN,GBP,2023-06-09,ACTIVE
A000001269,C00000981,PRIME_BROKERAGE,EUR,2020-12-04,FROZEN
A000001270,C00000006,MARGIN,JPY,2022-01-26,ACTIVE
A000001271,C00000244,CASH,USD,2017-07-25,ACTIVE
A000001272,C00000541,CASH,USD,2017-01-17,ACTIVE
A000001273,C00000295,CASH,EUR,2023-06-25,ACTIVE
A000001274,C00000262,MARGIN,USD,2023-09-16,ACTIVE
A000001275,C00000196,PRIME_BROKERAGE,EUR,2022-02-21,ACTIVE
A000001276,C00000595,CASH,EUR,2023-04-22,ACTIVE
A000001277,C00000237,CUSTODY,GBP,2024-08-28,ACTIVE
A000001278,C00000137,CUSTODY,USD,2023-10-02,ACTIVE
A000001279,C00000668,CASH,USD,2025-12-20,ACTIVE
A000001280,C00000350,CASH,USD,2023-07-07,ACTIVE
A000001281,C00000333,CUSTODY,USD,2014-08-22,ACTIVE
A000001282,C00000455,MARGIN,JPY,2023-01-02,ACTIVE
A000001283,C00000362,CASH,EUR,2020-10-31,ACTIVE
A000001284,C00000972,CASH,USD,2026-03-17,ACTIVE
A000001285,C00000163,CASH,HKD,2024-12-09,ACTIVE
A000001286,C00000537,CASH,USD,2019-11-02,ACTIVE
A000001287,C00000287,CASH,GBP,2015-08-31,ACTIVE
A000001288,C00000543,CASH,USD,2019-06-24,ACTIVE
A000001289,C00000461,CASH,JPY,2015-08-01,CLOSED
A000001290,C00000277,CASH,USD,2023-04-14,ACTIVE
A000001291,C00000241,MARGIN,USD,2014-11-05,ACTIVE
A000001292,C00000149,CASH,GBP,2014-07-27,ACTIVE
A000001293,C00000102,CASH,EUR,2019-04-27,ACTIVE
A000001294,C00000021,CASH,CAD,2023-11-16,ACTIVE
A000001295,C00000290,CASH,USD,2014-05-23,ACTIVE
A000001296,C00000643,MARGIN,EUR,2022-12-07,CLOSED
A000001297,C00000336,PRIME_BROKERAGE,GBP,2016-11-11,ACTIVE
A000001298,C00000002,MARGIN,USD,2019-05-29,ACTIVE
A000001299,C00000436,CASH,JPY,2021-10-20,ACTIVE
A000001300,C00000686,PRIME_BROKERAGE,EUR,2018-04-10,ACTIVE
A000001301,C00000484,MARGIN,HKD,2018-12-29,ACTIVE
A000001302,C00000345,CASH,GBP,2014-05-02,ACTIVE
A000001303,C00000234,MARGIN,EUR,2024-07-26,ACTIVE
A000001304,C00000918,CASH,USD,2025-04-17,ACTIVE
A000001305,C00000423,MARGIN,GBP,2023-12-23,ACTIVE
A000001306,C00001000,MARGIN,GBP,2021-04-29,ACTIVE
A000001307,C00000224,CASH,USD,2026-01-06,ACTIVE
A000001308,C00000419,CASH,USD,2016-03-09,ACTIVE
A000001309,C00000096,CASH,USD,2023-08-12,ACTIVE
A000001310,C00000257,PRIME_BROKERAGE,EUR,2020-11-13,ACTIVE
A000001311,C00000706,CASH,USD,2026-02-18,ACTIVE
A000001312,C00000502,PRIME_BROKERAGE,USD,2017-01-15,ACTIVE
A000001313,C00000103,CASH,EUR,2020-01-19,ACTIVE
A000001314,C00000714,CASH,USD,2016-02-18,ACTIVE
A000001315,C00000169,CASH,USD,2025-10-19,ACTIVE
A000001316,C00000198,CASH,USD,2025-04-06,ACTIVE
A000001317,C00000201,PRIME_BROKERAGE,USD,2019-08-30,ACTIVE
A000001318,C00000678,MARGIN,EUR,2025-07-28,ACTIVE
A000001319,C00000935,PRIME_BROKERAGE,USD,2019-07-23,ACTIVE
A000001320,C00000443,CASH,USD,2022-09-16,ACTIVE
A000001321,C00000008,CASH,USD,2022-05-08,ACTIVE
A000001322,C00000915,MARGIN,USD,2022-09-29,ACTIVE
A000001323,C00000158,MARGIN,USD,2022-07-20,ACTIVE
A000001324,C00000533,PRIME_BROKERAGE,HKD,2014-05-16,ACTIVE
A000001325,C00000955,MARGIN,CAD,2018-11-16,ACTIVE
A000001326,C00000162,PRIME_BROKERAGE,EUR,2021-06-10,CLOSED
A000001327,C00000436,CASH,JPY,2016-04-17,ACTIVE
A000001328,C00000267,MARGIN,HKD,2025-10-29,ACTIVE
A000001329,C00000303,CASH,EUR,2024-03-27,ACTIVE
A000001330,C00000119,PRIME_BROKERAGE,USD,2025-01-26,ACTIVE
A000001331,C00000718,MARGIN,JPY,2015-07-12,ACTIVE
A000001332,C00000666,MARGIN,GBP,2023-03-31,ACTIVE
A000001333,C00000185,MARGIN,USD,2023-06-11,ACTIVE
A000001334,C00000052,MARGIN,EUR,2024-08-12,ACTIVE
A000001335,C00000566,CASH,EUR,2024-03-06,ACTIVE
A000001336,C00000341,MARGIN,JPY,2025-04-16,ACTIVE
A000001337,C00000871,PRIME_BROKERAGE,USD,2021-05-01,ACTIVE
A000001338,C00000092,MARGIN,EUR,2024-09-03,ACTIVE
A000001339,C00000650,MARGIN,GBP,2019-01-22,ACTIVE
A000001340,C00000698,CASH,JPY,2025-08-09,ACTIVE
A000001341,C00000012,PRIME_BROKERAGE,GBP,2025-09-25,ACTIVE
A000001342,C00000741,CASH,USD,2024-06-16,ACTIVE
A000001343,C00000195,MARGIN,JPY,2016-06-06,ACTIVE
A000001344,C00000552,MARGIN,USD,2025-09-12,ACTIVE
A000001345,C00000362,CASH,EUR,2014-12-22,ACTIVE
A000001346,C00000771,CASH,USD,2022-12-17,ACTIVE
A000001347,C00000591,MARGIN,USD,2014-07-25,ACTIVE
A000001348,C00000079,CASH,JPY,2019-10-18,ACTIVE
A000001349,C00000808,CASH,USD,2025-05-16,ACTIVE
A000001350,C00000479,CASH,EUR,2026-03-20,ACTIVE
A000001351,C00000908,CASH,USD,2018-08-14,ACTIVE
A000001352,C00000742,MARGIN,EUR,2017-03-10,ACTIVE
A000001353,C00000126,CASH,USD,2020-03-26,ACTIVE
A000001354,C00000330,CASH,USD,2019-04-28,ACTIVE
A000001355,C00000804,MARGIN,GBP,2025-05-24,ACTIVE
A000001356,C00000055,MARGIN,USD,2015-12-17,ACTIVE
A000001357,C00000806,CUSTODY,GBP,2014-06-26,ACTIVE
A000001358,C00000067,CASH,JPY,2023-07-14,ACTIVE
A000001359,C00000259,PRIME_BROKERAGE,USD,2014-05-29,ACTIVE
A000001360,C00000268,MARGIN,USD,2022-04-19,ACTIVE
A000001361,C00000486,MARGIN,HKD,2014-09-17,ACTIVE
A000001362,C00000736,PRIME_BROKERAGE,EUR,2024-11-02,ACTIVE
A000001363,C00000249,CASH,USD,2017-04-21,ACTIVE
A000001364,C00000303,PRIME_BROKERAGE,EUR,2019-05-19,ACTIVE
A000001365,C00000163,CASH,JPY,2023-05-08,ACTIVE
A000001366,C00000743,PRIME_BROKERAGE,USD,2023-12-11,ACTIVE
A000001367,C00000797,CASH,USD,2025-05-12,ACTIVE
A000001368,C00000299,CUSTODY,EUR,2022-10-06,ACTIVE
A000001369,C00000769,CASH,USD,2025-04-30,ACTIVE
A000001370,C00000808,CASH,EUR,2018-08-27,ACTIVE
A000001371,C00000192,CASH,CAD,2025-10-03,ACTIVE
A000001372,C00000482,CASH,USD,2020-01-01,ACTIVE
A000001373,C00000526,MARGIN,JPY,2014-12-12,ACTIVE
A000001374,C00000024,PRIME_BROKERAGE,GBP,2018-01-06,ACTIVE
A000001375,C00000715,MARGIN,USD,2020-02-06,ACTIVE
A000001376,C00000996,CASH,EUR,2024-11-23,ACTIVE
A000001377,C00000349,CASH,EUR,2024-12-26,FROZEN
A000001378,C00000299,CASH,HKD,2021-08-04,CLOSED
A000001379,C00000844,CASH,JPY,2020-06-30,ACTIVE
A000001380,C00000905,PRIME_BROKERAGE,USD,2021-04-20,ACTIVE
A000001381,C00000826,CASH,USD,2016-01-29,ACTIVE
A000001382,C00000739,PRIME_BROKERAGE,USD,2025-03-12,ACTIVE
A000001383,C00000204,CASH,USD,2021-11-02,ACTIVE
A000001384,C00000138,MARGIN,USD,2021-03-19,ACTIVE
A000001385,C00000417,PRIME_BROKERAGE,GBP,2024-05-24,ACTIVE
A000001386,C00000627,PRIME_BROKERAGE,USD,2018-12-07,FROZEN
A000001387,C00000098,MARGIN,EUR,2017-02-22,ACTIVE
A000001388,C00000738,PRIME_BROKERAGE,HKD,2026-01-14,ACTIVE
A000001389,C00000214,PRIME_BROKERAGE,CAD,2025-08-14,ACTIVE
A000001390,C00000343,PRIME_BROKERAGE,USD,2023-05-30,ACTIVE
A000001391,C00000537,CUSTODY,USD,2017-10-25,ACTIVE
A000001392,C00000653,PRIME_BROKERAGE,USD,2019-12-01,ACTIVE
A000001393,C00000611,CASH,GBP,2016-12-16,ACTIVE
A000001394,C00000904,MARGIN,USD,2018-01-10,ACTIVE
A000001395,C00000355,CASH,USD,2019-04-19,ACTIVE
A000001396,C00000828,CASH,EUR,2019-11-05,ACTIVE
A000001397,C00000300,CASH,USD,2015-07-28,ACTIVE
A000001398,C00000028,MARGIN,GBP,2017-02-21,ACTIVE
A000001399,C00000835,PRIME_BROKERAGE,HKD,2014-12-07,ACTIVE
A000001400,C00000246,MARGIN,USD,2016-11-23,ACTIVE
A000001401,C00000262,CUSTODY,EUR,2019-09-07,ACTIVE
A000001402,C00000549,MARGIN,GBP,2018-01-18,ACTIVE
A000001403,C00000797,PRIME_BROKERAGE,USD,2017-05-29,ACTIVE
A000001404,C00000990,PRIME_BROKERAGE,USD,2024-02-15,ACTIVE
A000001405,C00000132,MARGIN,JPY,2025-05-01,ACTIVE
A000001406,C00000896,CUSTODY,EUR,2021-09-20,ACTIVE
A000001407,C00000408,PRIME_BROKERAGE,USD,2025-08-31,ACTIVE
A000001408,C00000702,MARGIN,USD,2021-07-03,ACTIVE
A000001409,C00000180,PRIME_BROKERAGE,USD,2018-08-22,ACTIVE
A000001410,C00000838,MARGIN,EUR,2016-06-29,ACTIVE
A000001411,C00000498,MARGIN,USD,2023-01-29,ACTIVE
A000001412,C00000538,PRIME_BROKERAGE,USD,2025-05-16,ACTIVE
A000001413,C00000312,PRIME_BROKERAGE,USD,2014-06-10,FROZEN
A000001414,C00000799,CASH,USD,2015-08-01,ACTIVE
A000001415,C00000935,MARGIN,HKD,2023-03-20,ACTIVE
A000001416,C00000218,CASH,USD,2023-06-30,ACTIVE
A000001417,C00000684,CASH,EUR,2025-11-15,ACTIVE
A000001418,C00000049,MARGIN,CAD,2024-10-27,ACTIVE
A000001419,C00000293,MARGIN,HKD,2016-02-12,FROZEN
A000001420,C00000597,PRIME_BROKERAGE,USD,2016-11-03,ACTIVE
A000001421,C00000587,PRIME_BROKERAGE,JPY,2019-08-18,ACTIVE
A000001422,C00000658,MARGIN,EUR,2016-01-17,ACTIVE
A000001423,C00000535,CASH,EUR,2018-01-24,ACTIVE
A000001424,C00000653,CUSTODY,USD,2018-11-13,ACTIVE
A000001425,C00000302,CASH,EUR,2019-05-02,ACTIVE
A000001426,C00000812,CUSTODY,USD,2022-05-08,ACTIVE
A000001427,C00000111,CASH,GBP,2021-04-10,ACTIVE
A000001428,C00000145,PRIME_BROKERAGE,USD,2025-01-18,ACTIVE
A000001429,C00000717,CASH,EUR,2022-10-20,ACTIVE
A000001430,C00000121,MARGIN,USD,2025-08-04,ACTIVE
A000001431,C00000179,PRIME_BROKERAGE,USD,2021-02-28,ACTIVE
A000001432,C00000226,CASH,EUR,2018-03-01,ACTIVE
A000001433,C00000921,CUSTODY,USD,2025-11-19,ACTIVE
A000001434,C00000292,PRIME_BROKERAGE,HKD,2017-02-19,ACTIVE
A000001435,C00000121,CUSTODY,HKD,2016-07-16,ACTIVE
A000001436,C00000563,PRIME_BROKERAGE,GBP,2017-03-02,ACTIVE
A000001437,C00000368,MARGIN,USD,2020-04-23,ACTIVE
A000001438,C00000564,CASH,USD,2017-02-24,ACTIVE
A000001439,C00000946,PRIME_BROKERAGE,USD,2015-06-21,ACTIVE
A000001440,C00000101,MARGIN,EUR,2023-01-04,ACTIVE
A000001441,C00000827,MARGIN,EUR,2023-08-01,ACTIVE
A000001442,C00000197,PRIME_BROKERAGE,USD,2022-12-08,ACTIVE
A000001443,C00000816,PRIME_BROKERAGE,JPY,2020-03-06,ACTIVE
A000001444,C00000042,PRIME_BROKERAGE,JPY,2022-08-05,ACTIVE
A000001445,C00000230,CASH,EUR,2014-10-02,ACTIVE
A000001446,C00000401,CUSTODY,USD,2025-01-15,ACTIVE
A000001447,C00000782,CASH,USD,2024-06-15,ACTIVE
A000001448,C00000834,MARGIN,JPY,2025-09-15,ACTIVE
A000001449,C00000068,CASH,USD,2020-01-06,ACTIVE
A000001450,C00000645,MARGIN,JPY,2019-01-26,ACTIVE
A000001451,C00000418,PRIME_BROKERAGE,JPY,2014-07-29,ACTIVE
A000001452,C00000597,CUSTODY,EUR,2023-01-21,ACTIVE
A000001453,C00000378,CASH,USD,2025-11-25,ACTIVE
A000001454,C00000452,MARGIN,USD,2022-08-21,ACTIVE
A000001455,C00000966,MARGIN,USD,2017-03-26,ACTIVE
A000001456,C00000422,MARGIN,EUR,2018-07-20,ACTIVE
A000001457,C00000818,CASH,JPY,2015-08-23,ACTIVE
A000001458,C00000946,CASH,USD,2024-10-11,ACTIVE
A000001459,C00000270,CASH,HKD,2014-04-24,ACTIVE
A000001460,C00000994,CASH,USD,2021-01-26,ACTIVE
A000001461,C00000136,CUSTODY,USD,2022-06-09,ACTIVE
A000001462,C00000938,CUSTODY,USD,2024-07-02,ACTIVE
A000001463,C00000210,PRIME_BROKERAGE,HKD,2022-08-05,ACTIVE
A000001464,C00000081,MARGIN,USD,2023-10-02,ACTIVE
A000001465,C00000433,CASH,EUR,2019-02-24,ACTIVE
A000001466,C00000508,MARGIN,CAD,2017-11-04,ACTIVE
A000001467,C00000224,MARGIN,HKD,2019-08-16,ACTIVE
A000001468,C00000607,CASH,CAD,2019-01-12,ACTIVE
A000001469,C00000885,CASH,EUR,2024-02-27,ACTIVE
A000001470,C00000292,CUSTODY,USD,2021-09-06,ACTIVE
A000001471,C00000852,CASH,USD,2023-11-06,ACTIVE
A000001472,C00000927,MARGIN,GBP,2014-10-06,ACTIVE
A000001473,C00000192,CASH,JPY,2024-03-17,ACTIVE
A000001474,C00000916,PRIME_BROKERAGE,EUR,2022-03-09,ACTIVE
A000001475,C00000199,CASH,HKD,2016-11-10,ACTIVE
A000001476,C00000560,CASH,JPY,2016-06-15,ACTIVE
A000001477,C00000437,PRIME_BROKERAGE,USD,2020-10-29,ACTIVE
A000001478,C00000869,MARGIN,EUR,2019-02-19,ACTIVE
A000001479,C00000347,CASH,GBP,2025-10-06,ACTIVE
A000001480,C00000720,MARGIN,GBP,2016-08-30,ACTIVE
A000001481,C00000950,CUSTODY,USD,2024-11-27,ACTIVE
A000001482,C00000961,MARGIN,HKD,2014-08-27,ACTIVE
A000001483,C00000151,PRIME_BROKERAGE,USD,2026-03-24,ACTIVE
A000001484,C00000148,CASH,JPY,2022-03-25,ACTIVE
A000001485,C00000358,CASH,USD,2017-06-15,ACTIVE
A000001486,C00000676,CASH,GBP,2016-03-30,ACTIVE
A000001487,C00000704,CASH,EUR,2024-08-23,ACTIVE
A000001488,C00000789,CUSTODY,USD,2023-03-02,ACTIVE
A000001489,C00000408,CUSTODY,GBP,2025-05-23,ACTIVE
A000001490,C00000548,PRIME_BROKERAGE,USD,2016-08-19,ACTIVE
A000001491,C00000555,CASH,EUR,2025-11-30,CLOSED
A000001492,C00000130,PRIME_BROKERAGE,USD,2018-11-09,ACTIVE
A000001493,C00000975,MARGIN,GBP,2016-07-24,CLOSED
A000001494,C00000613,PRIME_BROKERAGE,USD,2019-09-25,ACTIVE
A000001495,C00000306,PRIME_BROKERAGE,USD,2014-10-16,ACTIVE
A000001496,C00000068,MARGIN,USD,2016-02-22,ACTIVE
A000001497,C00000520,MARGIN,JPY,2025-06-22,ACTIVE
A000001498,C00000452,CASH,HKD,2020-12-31,ACTIVE
A000001499,C00000412,MARGIN,USD,2022-02-02,ACTIVE
A000001500,C00000631,MARGIN,USD,2024-07-12,CLOSED
